ID,Count
18288,551.7326255
18289,529.8765806
18290,566.5085255
18291,589.1213335
18292,554.2903771
18293,536.3983883
18294,568.4925658
18295,589.017334
18296,551.0418131
18297,530.1938678
18298,568.9684382
18299,591.6241302
18300,557.5412983
18301,532.1426534
18302,568.8873798
18303,588.4108449
18304,551.3138168
18305,532.5832491
18306,571.5171578
18307,594.9456049
18308,553.2395998
18309,532.4669179
18310,568.3268961
18311,588.7533942
18312,553.657151
18313,535.0614272
18314,574.8847214
18315,590.7144439
18316,553.5177336
18317,531.8359007
18318,568.7156179
18319,591.1672578
18320,556.0891148
18321,538.3584653
18322,570.6998166
18323,591.0630991
18324,552.8404184
18325,532.1541052
18326,571.1758213
18327,593.6697347
18328,559.3397713
18329,534.1030514
18330,571.0948953
18331,590.4562887
18332,553.1121575
18333,534.5438079
18334,573.7248055
18335,596.9908878
18336,555.0378082
18337,534.4276378
18338,570.534676
18339,590.798516
18340,555.4552273
18341,537.0223082
18342,577.0926334
18343,592.7594044
18344,555.3156779
18345,533.7969431
18346,570.9236618
18347,593.2120568
18348,557.8869271
18349,540.3196693
18350,572.9079924
18351,593.1077364
18352,554.6380988
18353,534.115471
18354,573.384129
18355,595.7142102
18356,561.1373199
18357,536.0645792
18358,573.3033347
18359,592.5006022
18360,554.9095744
18361,536.5054978
18362,575.9333766
18363,599.035039
18364,556.8350935
18365,536.3894901
18366,572.7433787
18367,592.8425047
18368,557.2523811
18369,538.984323
18370,579.3014676
18371,594.8032305
18372,557.1127002
18373,535.7591206
18374,573.1326275
18375,595.2557201
18376,559.683818
18377,542.2820098
18378,575.1170894
18379,595.1512367
18380,556.4348584
18381,536.0779745
18382,575.5933573
18383,597.7575473
18384,562.9339483
18385,538.027246
18386,575.5126942
18387,594.5437759
18388,556.7060717
18389,538.4683281
18390,578.1428672
18391,601.0780491
18392,558.6314597
18393,538.3524841
18394,574.9530002
18395,594.885351
18396,559.0486163
18397,540.9474809
18398,581.51122
18399,596.8459129
18400,558.9088045
18401,537.7224426
18402,575.3425108
18403,597.2982383
18404,561.4797915
18405,544.245496
18406,577.3271035
18407,597.1935905
18408,558.2307013
18409,538.0416252
18410,577.803502
18411,599.7997366
18412,564.7296605
18413,539.9910613
18414,577.7229695
18415,596.5858004
18416,558.5016533
18417,540.4323083
18418,580.353273
18419,603.1199087
18420,560.4269109
18421,540.3166292
18422,577.1635364
18423,596.9270455
18424,560.8439371
18425,542.9117912
18426,583.7218866
18427,598.887442
18428,560.7039951
18429,539.6869184
18430,577.5533076
18431,599.339602
18432,563.2748519
18433,546.2101373
18434,579.5380304
18435,599.2347885
18436,560.0256315
18437,540.0064323
18438,580.014559
18439,601.8407687
18440,566.5244607
18441,541.9560344
18442,579.9341565
18443,598.6266664
18444,560.2963236
18445,542.3974476
18446,582.5645899
18447,605.1606085
18448,562.2214513
18449,542.2819349
18450,579.3749832
18451,598.9675788
18452,562.6383477
18453,544.8772635
18454,585.9334631
18455,600.9278087
18456,562.498276
18457,541.6525573
18458,579.7650137
18459,601.3798018
18460,565.0690032
18461,548.1759433
18462,581.7498661
18463,601.2748213
18464,561.8196533
18465,541.9724054
18466,582.2265242
18467,603.8806343
18468,568.3183531
18469,543.9221748
18470,582.1462511
18471,600.6663646
18472,562.0900866
18473,544.3637554
18474,584.7768137
18475,607.200139
18476,564.0150851
18477,544.2484105
18478,581.5873362
18479,601.0069416
18480,564.4318524
18481,546.843907
18482,588.1459452
18483,602.9670034
18484,564.2916516
18485,543.6193689
18486,581.9776249
18487,603.4188284
18488,566.8622498
18489,550.1429231
18490,583.9626062
18491,603.3136795
18492,563.612771
18493,543.9395537
18494,584.4393932
18495,605.9193239
18496,570.1113419
18497,545.8894918
18498,584.3592488
18499,602.7048854
18500,563.8829468
18501,546.3312413
18502,586.9899401
18503,609.2384909
18504,565.8078166
18505,546.2160654
18506,583.8005912
18507,603.0451243
18508,566.2244554
18509,548.8117311
18510,590.3593287
18511,605.0050168
18512,566.0841261
18513,545.5873625
18514,584.1911367
18515,605.4566722
18516,568.654596
18517,552.1110863
18518,586.1762464
18519,605.3513536
18520,565.4049889
18521,545.9078867
18522,586.6531616
18523,607.9568281
18524,571.9034317
18525,547.8579948
18526,586.5731453
18527,604.7422195
18528,565.6749084
18529,548.2999145
18530,589.2039647
18531,611.2756547
18532,567.5996503
18533,548.184909
18534,586.0147437
18535,605.0821177
18536,568.0161611
18537,550.7807453
18538,592.5736091
18539,607.0418395
18540,567.8757041
18541,547.5565474
18542,586.4055449
18543,607.493324
18544,570.4460462
18545,554.0804422
18546,588.3907823
18547,607.3878344
18548,567.1963115
18549,547.8774138
18550,588.867825
18551,609.9931376
18552,573.6946267
18553,549.8276933
18554,588.7879362
18555,606.7783576
18556,567.4659761
18557,550.2697845
18558,591.418883
18559,613.3116211
18560,569.3905906
18561,550.1549507
18562,588.2297893
18563,607.1179122
18564,569.8069741
18565,552.7509589
18566,594.7887819
18567,609.0774621
18568,569.6663899
18569,549.5269332
18570,588.6208448
18571,609.5287744
18572,572.2366049
18573,556.0510003
18574,590.6062092
18575,609.4231123
18576,568.9867433
18577,549.8481444
18578,591.0833789
18579,612.0282429
18580,575.4849316
18581,551.7985965
18582,591.003617
18583,608.8132901
18584,569.2561542
18585,552.2408606
18586,593.6346905
18587,615.3463807
18588,571.180642
18589,552.1261999
18590,590.4457235
18591,609.1524986
18592,571.5968989
18593,554.7223814
18594,597.0048426
18595,611.1118751
18596,571.4561882
18597,551.4985291
18598,590.837032
18599,611.5630139
18600,574.0262768
18601,558.0227699
18602,592.8225228
18603,611.4571781
18604,570.7762888
18605,551.8200878
18606,593.2998187
18607,614.0621347
18608,577.2743509
18609,553.770714
18610,593.220183
18611,610.8470078
18612,571.0454473
18613,554.2131524
18614,595.8513826
18615,617.379924
18616,572.9698091
18617,554.0986661
18618,592.6625416
18619,611.1858675
18620,573.3859401
18621,556.6950222
18622,599.2217866
18623,613.1450692
18624,573.2451035
18625,553.4713447
18626,593.0541018
18627,613.5960331
18628,575.8150664
18629,559.9957605
18630,595.0397183
18631,613.4900222
18632,572.5649527
18633,553.7932536
18634,595.5171398
18635,616.0948035
18636,579.0628893
18637,555.7440551
18638,595.4376296
18639,612.8795011
18640,572.8338603
18641,556.1866691
18642,598.0689546
18643,619.4122417
18644,574.7580967
18645,556.0723585
18646,594.8802389
18647,613.2180093
18648,575.1741024
18649,558.6688906
18650,601.4396091
18651,615.177035
18652,575.0331406
18653,555.4453893
18654,595.2720495
18655,615.6278226
18656,577.6029784
18657,561.9699814
18658,597.2577909
18659,615.5216352
18660,574.3527398
18661,555.767651
18662,597.7353374
18663,618.12624
18664,580.8505515
18665,557.7186293
18666,597.655952
18667,614.9107608
18668,574.6213977
18669,558.1614201
18670,600.2874018
18671,621.4433243
18672,576.5455094
18673,558.0472867
18674,597.0988107
18675,615.2489147
18676,576.9613906
18677,560.6439961
18678,603.6583055
18679,617.207763
18680,576.8203043
18681,557.4206723
18682,597.4908702
18683,617.658373
18684,579.3900177
18685,563.9454421
18686,599.476736
18687,617.5520079
18688,576.1396548
18689,557.7432896
18690,599.9544068
18691,620.1564347
18692,582.6373423
18693,559.6944459
18694,599.8751455
18695,616.9407773
18696,576.4080644
18697,560.137415
18698,602.5067193
18699,623.4731625
18700,578.3320521
18701,560.02346
18702,599.3182521
18703,617.2785743
18704,578.7478094
18705,562.6203481
18706,605.8778708
18707,619.2372438
18708,578.6065994
18709,559.3972031
18710,599.7105593
18711,619.6876749
18712,581.1761891
18713,565.9221519
18714,601.6965487
18715,619.5811307
18716,577.9257026
18717,559.7201786
18718,602.1743429
18719,622.1853781
18720,584.4232667
18721,561.6715144
18722,602.0952051
18723,618.9695412
18724,578.1938653
18725,562.1146631
18726,604.7269023
18727,625.5017467
18728,580.1177298
18729,562.0008879
18730,601.5385583
18731,619.3069787
18732,580.5333639
18733,564.5979559
18734,608.0983001
18735,621.2654681
18736,580.3920308
18737,561.3749911
18738,601.9311116
18739,621.7157189
18740,582.9614975
18741,567.9001203
18742,603.917224
18743,621.6089942
18744,579.7108882
18745,561.6983276
18746,604.395141
18747,624.213061
18748,586.2083294
18749,563.6498442
18750,604.3161259
18751,620.9970433
18752,579.9788054
18753,564.0931738
18754,606.9479457
18755,627.5290677
18756,581.9025473
18757,563.9795798
18758,603.7597243
18759,621.3341184
18760,582.318059
18761,566.5768291
18762,610.3195884
18763,623.2924264
18764,582.1766035
18765,563.3540459
18766,604.1525222
18767,623.7424956
18768,584.745948
18769,569.8793568
18770,606.1387568
18771,623.6355891
18772,581.4952165
18773,563.677746
18774,606.616796
18775,626.2394739
18776,587.9925357
18777,565.6294446
18778,606.5379029
18779,623.0232739
18780,581.7628898
18781,566.0729566
18782,609.1698445
18783,629.555116
18784,583.6865098
18785,565.959545
18786,605.9817449
18787,623.3599841
18788,584.1018997
18789,568.556977
18790,612.5417307
18791,625.3181094
18792,583.9603226
18793,565.3343766
18794,606.3747861
18795,625.7679956
18796,586.5295456
18797,571.8598706
18798,608.3611422
18799,625.6609059
18800,583.2786926
18801,565.658443
18802,608.8393027
18803,628.2646073
18804,589.7758905
18805,567.6103251
18806,608.7605309
18807,625.0482239
18808,583.5461234
18809,568.0540207
18810,611.3925937
18811,631.5798822
18812,585.4696224
18813,567.940793
18814,608.2046151
18815,625.3845664
18816,585.8848912
18817,570.538409
18818,614.7647219
18819,627.3425075
18820,585.7431933
18821,567.3159929
18822,608.5978981
18823,627.7922094
18824,588.3122955
18825,573.8416712
18826,610.5843749
18827,627.6849352
18828,585.0613218
18829,567.6404283
18830,611.0626561
18831,630.288452
18832,591.5583992
18833,569.5924952
18834,610.9840047
18835,627.0718836
18836,585.3285116
18837,570.0363757
18838,613.6161879
18839,633.6033568
18840,587.2518902
18841,569.9233332
18842,610.4283297
18843,627.4078557
18844,587.6670388
18845,572.5211346
18846,616.9885566
18847,629.3656114
18848,587.5252207
18849,569.298904
18850,610.821853
18851,629.8151277
18852,590.0942028
18853,575.8247681
18854,612.8084497
18855,629.7076677
18856,586.8431093
18857,569.6237111
18858,613.2868507
18859,632.3109984
18860,593.3400668
18861,571.5759641
18862,613.2083192
18863,629.0942438
18864,587.1100595
18865,572.020031
18866,615.840622
18867,635.6255306
18868,589.0333185
18869,571.907175
18870,612.6528833
18871,629.4298429
18872,589.4483477
18873,574.5051631
18874,619.2132297
18875,631.3874118
18876,589.3064102
18877,571.2831193
18878,613.0466454
18879,631.836741
18880,591.8752731
18881,577.8091706
18882,615.0333613
18883,631.7290938
18884,588.6240604
18885,571.6083008
18886,615.5118815
18887,634.3322371
18888,595.1208988
18889,573.5607413
18890,615.4334689
18891,631.1152949
18892,588.8907726
18893,574.0049959
18894,618.0658906
18895,637.646394
18896,590.8139128
18897,573.8923277
18898,614.8782707
18899,631.4505183
18900,591.2288232
18901,576.4905039
18902,621.4387357
18903,633.4078991
18904,591.0867671
18905,573.2686484
18906,615.2722699
18907,633.85704
18908,593.6555115
18909,579.7948881
18910,617.2591043
18911,633.7492042
18912,590.4041804
18913,573.594207
18914,617.7377428
18915,636.3521588
18916,596.9009006
18917,575.5468363
18918,617.6594484
18919,633.1350277
18920,590.6706562
18921,575.9912799
18922,620.2919883
18923,639.6659377
18924,592.5936783
18925,575.8788009
18926,617.1044863
18927,633.4698727
18928,593.0084708
18929,578.4771665
18930,623.6650693
18931,635.427064
18932,592.8662969
18933,575.2555006
18934,617.4987212
18935,635.8760152
18936,595.4349236
18937,581.78193
18938,619.4856733
18939,635.7679896
18940,592.1834749
18941,575.5814389
18942,619.9644293
18943,638.3707541
18944,598.6800776
18945,577.5342583
18946,619.8862523
18947,635.1534328
18948,592.4497158
18949,577.9788923
18950,622.5189095
18951,641.6841523
18952,594.3726207
18953,577.8666038
18954,619.3315247
18955,635.4878967
18956,594.7872961
18957,580.4651601
18958,625.8922248
18959,637.4448971
18960,594.6450051
18961,577.2436852
18962,619.7259937
18963,637.8936573
18964,597.2135149
18965,583.7703057
18966,621.7130626
18967,637.7854405
18968,593.9619494
18969,577.5700059
18970,622.1919354
18971,640.3880136
18972,600.4584354
18973,579.5230169
18974,622.1138751
18975,637.1705006
18976,594.2279571
18977,579.9678425
18978,624.7466487
18979,643.7010283
18980,596.1507455
18981,579.855746
18982,621.5593804
18983,637.5045808
18984,596.5653045
18985,582.4544944
18986,628.1201967
18987,639.461389
18988,596.4228973
18989,579.2332117
18990,621.9540818
18991,639.9099568
18992,598.991291
18993,585.7600247
18994,623.9412668
18995,639.8015474
18996,595.7396095
18997,579.5599175
18998,624.4202554
18999,642.4039278
19000,602.2359797
19001,581.5131213
19002,624.3423109
19003,639.1862219
19004,596.0053856
19005,581.95814
19006,626.9752003
19007,645.7165565
19008,597.9280584
19009,581.8462367
19010,623.7880475
19011,639.5199156
19012,598.3425019
19013,584.4451785
19014,630.3489793
19015,641.4765303
19016,598.1999793
19017,581.2240894
19018,624.1829798
19019,641.9249045
19020,600.7682576
19021,587.7510962
19022,626.17028
19023,641.8163012
19024,597.516461
19025,581.551183
19026,626.6493838
19027,644.4184874
19028,604.0127161
19029,583.5045811
19030,626.5715543
19031,641.2005873
19032,597.782007
19033,583.9497941
19034,629.2045585
19035,647.7307274
19036,599.704565
19037,583.8380853
19038,626.0175205
19039,641.5338918
19040,600.1188938
19041,586.4372219
19042,632.5785669
19043,643.4903117
19044,599.9762566
19045,583.2163278
19046,626.4126819
19047,643.9384908
19048,602.5444205
19049,589.7435297
19050,628.4000965
19051,643.8296922
19052,599.2925095
19053,583.5438119
19054,628.8793146
19055,646.4316831
19056,605.7886504
19057,585.4974054
19058,628.8015992
19059,643.2135873
19060,599.5578273
19061,585.9428142
19062,631.4347175
19063,649.7435316
19064,601.4802712
19065,585.8313013
19066,628.2477934
19067,643.5465
19068,601.8944862
19069,588.430634
19070,634.8089537
19071,645.5027237
19072,601.7517352
19073,585.2099362
19074,628.6431823
19075,645.9507064
19076,604.3197855
19077,591.7373346
19078,630.6307105
19079,645.8417113
19080,601.067761
19081,585.5378134
19082,631.110042
19083,648.4435054
19084,607.5637885
19085,587.4916038
19086,631.03244
19087,645.2252126
19088,601.3328521
19089,587.9372096
19090,633.6656715
19091,651.7549598
19092,603.255183
19093,587.8258941
19094,630.4788605
19095,645.5577308
19096,603.6692849
19097,590.4254242
19098,637.0401337
19099,647.513757
19100,603.5264211
19101,587.2049239
19102,630.8744752
19103,647.961542
19104,606.0943586
19105,593.7325202
19106,632.862116
19107,647.8523489
19108,602.8422214
19109,587.533197
19110,633.3415601
19111,650.4539449
19112,609.3381364
19113,589.4871856
19114,633.2640706
19115,647.2354539
19116,603.1070876
19117,589.9329898
19118,635.8974144
19119,653.7650025
19120,605.0293061
19121,589.8218728
19122,632.7107156
19123,647.5675749
19124,605.4432959
19125,592.4216017
19126,639.2721009
19127,649.5234022
19128,605.30032
19129,589.2013005
19130,633.1065544
19131,649.9709881
19132,607.8681456
19133,595.7290959
19134,635.0943071
19135,649.8615958
19136,604.6158967
19137,589.5299721
19138,635.573863
19139,652.4629924
19140,611.1117
19141,591.4841602
19142,635.496485
19143,649.2443017
19144,604.8805396
19145,591.9301641
19146,638.1299403
19147,655.7736505
19148,606.8026468
19149,591.8192471
19150,634.9433529
19151,649.5760229
19152,607.2165252
19153,594.419176
19154,641.5048494
19155,651.53165
19156,607.0734382
19157,591.1990751
19158,635.339414
19159,651.9790355
19160,609.6411528
19161,597.727071
19162,637.3272777
19163,651.8694426
19164,606.3887929
19165,591.5281479
19166,637.8069444
19167,654.4706384
19168,612.8844854
19169,593.4825369
19170,637.7296772
19171,651.2517467
19172,606.6532144
19173,593.9287419
19174,640.3632431
19175,657.7808944
19176,608.575211
19177,593.8180261
19178,637.1767661
19179,651.5830654
19180,608.9889791
19181,596.4181565
19182,643.738373
19183,653.538491
19184,608.8457818
19185,593.1982572
19186,637.5730478
19187,653.9856748
19188,611.4133862
19189,599.7264549
19190,639.5610216
19191,653.87588
19192,608.1609163
19193,593.5277338
19194,640.0407982
19195,656.4768736
19196,614.6564989
19197,595.482325
19198,639.9636408
19199,653.2577797
19200,608.4251181
19201,595.9287324
19202,642.5973165
19203,659.7867248
19204,610.347005
19205,595.8182192
19206,639.4109491
19207,653.5886932
19208,610.7606636
19209,598.4185524
19210,645.9726654
19211,655.5439158
19212,610.6173569
19213,595.1988561
19214,639.8074495
19215,655.9908965
19216,613.184852
19217,601.727257
19218,641.7955325
19219,655.8808985
19220,609.932273
19221,595.5287392
19222,642.2754182
19223,658.4816887
19224,616.4277466
19225,597.483534
19226,642.1983698
19227,655.2623911
19228,610.1962569
19229,597.9301451
19230,644.8321542
19231,661.7911324
19232,612.1180351
19233,597.8198358
19234,641.6458955
19235,655.5928968
19236,612.5315851
19237,600.4203731
19238,648.2077204
19239,657.5479152
19240,612.3881699
19241,597.2008811
19242,642.0426129
19243,657.9946915
19244,614.9555567
19245,603.7294865
19246,644.0308042
19247,657.8844889
19248,611.7028694
19249,597.5311734
19250,644.5107981
19251,660.4850743
19252,618.1982349
19253,599.4861731
19254,644.4338577
19255,657.2655717
19256,611.9666373
19257,599.9329893
19258,647.06775
19259,663.7941079
19260,613.8883077
19261,599.8228852
19262,643.8815991
19263,657.5956669
19264,614.3017499
19265,602.423628
19266,650.4435316
19267,659.5504798
19268,614.1582271
19269,599.2043416
19270,644.2785317
19271,659.9970504
19272,616.7255065
19273,605.7331528
19274,646.2668303
19275,659.8866418
19276,613.4727119
19277,599.5350458
19278,646.7469315
19279,662.4870211
19280,619.9679703
19281,601.4902516
19282,646.6700982
19283,659.2673122
19284,613.7362656
19285,601.9372742
19286,649.3040975
19287,665.7956419
19288,615.657829
19289,601.8273767
19290,646.1180534
19291,659.5969942
19292,616.0711645
19293,604.4283263
19294,652.6800926
19295,661.5516002
19296,615.9275351
19297,601.2092469
19298,646.5151992
19299,661.9979638
19300,618.4947079
19301,607.7382652
19302,648.5036043
19303,661.887348
19304,615.241807
19305,601.5403655
19306,648.9838118
19307,664.4875198
19308,621.7369591
19309,603.4957789
19310,648.9070847
19311,661.2676033
19312,615.5051483
19313,603.9430093
19314,651.54119
19315,667.7957252
19316,617.4266057
19317,603.8333197
19318,648.3552518
19319,661.5968695
19320,617.8398353
19321,606.4344774
19322,654.9173968
19323,663.5512673
19324,617.6961002
19325,603.2156062
19326,648.7526091
19327,663.9974224
19328,620.2631675
19329,609.7448331
19330,650.7411197
19331,663.886598
19332,617.0101611
19333,603.5471421
19334,651.2214325
19335,666.4865611
19336,623.5052079
19337,605.5027643
19338,651.1448106
19339,663.2664357
19340,617.273292
19341,605.9502037
19342,653.7790211
19343,669.7943484
19344,619.1946444
19345,605.8407234
19346,650.5931879
19347,663.5952833
19348,619.6077691
19349,608.4420905
19350,657.1554377
19351,665.5494716
19352,619.4639292
19353,605.223429
19354,650.9907547
19355,665.9954171
19356,622.0308919
19357,611.7528656
19358,652.9793698
19359,665.8843828
19360,618.777781
19361,605.5553846
19362,653.459787
19363,668.4841358
19364,625.2727235
19365,607.5112171
19366,653.3832694
19367,665.2638
19368,619.0407033
19369,607.9588668
19370,656.0175841
19371,671.7915022
19372,620.9619517
19373,607.8495971
19374,652.8318548
19375,665.5922265
19376,621.3749724
19377,610.4511749
19378,659.3942085
19379,667.546204
19380,621.2310288
19381,607.2327244
19382,653.2296292
19383,667.9919383
19384,623.7978877
19385,613.7623722
19386,655.218348
19387,667.8806928
19388,620.5446734
19389,607.5651025
19390,655.6988686
19391,670.4802344
19392,627.0395124
19393,609.5211464
19394,655.6224544
19395,667.259687
19396,620.807389
19397,609.9690079
19398,658.2568721
19399,673.7871775
19400,622.7285343
19401,609.8599501
19402,655.071246
19403,667.5876898
19404,623.1414521
19405,612.46174
19406,661.6337026
19407,669.541455
19408,622.9974056
19409,609.2435017
19410,655.469226
19411,669.986977
19412,625.5641619
19413,615.773362
19414,657.4580474
19415,669.8755189
19416,622.310845
19417,609.5763049
19418,657.9386705
19419,672.4748478
19420,628.8055816
19421,611.5325617
19422,657.8623586
19423,669.2540875
19424,622.5733559
19425,611.9806362
19426,660.4968785
19427,675.7813648
19428,624.4943991
19429,611.8717916
19430,657.3113544
19431,669.5816638
19432,624.9072149
19433,614.4737949
19434,663.8739129
19435,671.5352155
19436,624.7630665
19437,611.2557702
19438,657.7095381
19439,671.9805238
19440,627.3297211
19441,617.7858443
19442,659.6984612
19443,671.8688519
19444,624.0763026
19445,611.5890012
19446,660.1791858
19447,674.4679666
19448,630.5709379
19449,613.5454722
19450,660.1029752
19451,671.2469921
19452,624.3386109
19453,613.993761
19454,662.7375964
19455,677.774055
19456,626.2595529
19457,613.885131
19458,659.5521733
19459,671.5741393
19460,626.6722677
19461,616.487349
19462,666.1148327
19463,673.5274762
19464,626.5280185
19465,613.2695392
19466,659.9505587
19467,673.9725696
19468,629.0945724
19469,619.7998284
19470,661.9395824
19471,673.8606824
19472,625.8410534
19473,613.6032006
19474,662.4204075
19475,676.4595818
19476,632.3355882
19477,615.5598871
19478,662.3442973
19479,673.2383916
19480,626.1031609
19481,616.0083916
19482,664.9790187
19483,679.7652388
19484,628.0240028
19485,615.8999773
19486,661.7936957
19487,673.5651071
19488,628.4366176
19489,618.5024115
19490,668.356455
19491,675.5182279
19492,628.2922686
19493,615.2848179
19494,662.1922808
19495,675.9631049
19496,630.8587228
19497,621.8153235
19498,664.181404
19499,675.8510012
19500,627.6051042
19501,615.6189123
19502,664.6623287
19503,678.4496839
19504,634.0995396
19505,617.5758156
19506,664.5863177
19507,675.2282769
19508,627.8670131
19509,618.0245371
19510,667.2211383
19511,681.7549069
19512,629.7877558
19513,617.91634
19514,664.0359144
19515,675.5545581
19516,630.2002717
19517,620.5189915
19518,670.5987726
19519,677.5074614
19520,630.0558238
19521,617.3016155
19522,664.4346971
19523,677.9521207
19524,632.6221793
19525,623.8323388
19526,666.423919
19527,677.8397992
19528,629.3684622
19529,617.6361456
19530,666.9049421
19531,680.4382639
19532,635.8627992
19533,619.5932669
19534,666.8290295
19535,677.2166386
19536,629.6301745
19537,620.0422067
19538,669.4639482
19539,683.7430503
19540,631.5508191
19541,619.9342282
19542,666.2788223
19543,677.5424828
19544,631.963237
19545,622.5370983
19546,672.8417784
19547,679.4951674
19548,631.8186914
19549,619.3199412
19550,666.6778007
19551,679.9396078
19552,634.3849492
19553,625.8508836
19554,668.6671201
19555,679.8270671
19556,631.1311346
19557,619.6549096
19558,669.1482406
19559,682.4253124
19560,637.6253742
19561,621.6122504
19562,669.0724253
19563,679.2034677
19564,631.3926523
19565,622.0614098
19566,671.7074412
19567,685.7296596
19568,633.3131999
19569,621.953651
19570,668.5224122
19571,679.5288722
19572,633.7255209
19573,624.5567412
19574,675.0854652
19575,681.4813367
19576,633.5808785
19577,621.3398042
19578,668.9215841
19579,681.9255568
19580,636.1470397
19581,627.870967
19582,670.9110001
19583,681.8127957
19584,632.8931286
19585,621.6752135
19586,671.392217
19587,684.4108204
19588,639.387272
19589,623.632775
19590,671.3164979
19591,681.1887548
19592,633.1544539
19593,624.0821554
19594,673.9516099
19595,687.7147257
19596,635.0749054
19597,623.9746177
19598,670.7666769
19599,681.5137171
19600,635.4871306
19601,626.5779292
19602,677.3298256
19603,683.4659602
19604,635.3423925
19605,623.3612137
19606,671.1660402
19607,683.9099587
19608,637.9084582
19609,629.8925981
19610,673.1555517
19611,683.7969758
19612,634.6544516
19613,623.6970666
19614,673.6368639
19615,686.3947786
19616,641.1484997
19617,625.6548501
19618,673.56124
19619,683.1724908
19620,634.9155865
19621,626.1044527
19622,676.196447
19623,689.6982394
19624,636.8359432
19625,625.9971375
19626,673.0116088
19627,683.4970083
19628,637.2480735
19629,628.6006715
19630,679.5748523
19631,685.4490287
19632,637.1032407
19633,625.3841789
19634,673.4111614
19635,685.8928043
19636,639.6692119
19637,631.9157863
19638,675.4007673
19639,685.7795984
19640,636.4151111
19641,625.7204779
19642,675.8821738
19643,688.3771778
19644,642.909065
19645,627.6784848
19646,675.806644
19647,685.1546667
19648,636.6760578
19649,628.1283109
19650,678.4419449
19651,691.6801916
19652,638.5963205
19653,628.0212194
19654,675.2572006
19655,685.4787367
19656,639.0083571
19657,630.6249774
19658,681.8205377
19659,687.4305331
19660,638.8634308
19661,627.4087088
19662,675.6569403
19663,687.8740845
19664,641.4293086
19665,633.9405405
19666,677.6466395
19667,687.7606542
19668,638.1751145
19669,627.7454566
19670,678.1281392
19671,690.358009
19672,644.6689753
19673,629.7036882
19674,678.0527024
19675,687.1352731
19676,638.4358751
19677,630.1537391
19678,680.6880962
19679,693.6605731
19680,640.356045
19681,630.0468727
19682,677.5034446
19683,687.4588931
19684,640.767989
19685,632.6508559
19686,684.0668743
19687,689.4104641
19688,640.6229702
19689,629.4348127
19690,677.9033693
19691,689.8537901
19692,643.1887557
19693,635.96687
19694,679.8931608
19695,689.7401341
19696,639.9344694
19697,629.7720118
19698,680.3747526
19699,692.3372631
19700,646.4282382
19701,631.7304694
19702,680.2994077
19703,689.1143011
19704,640.1950461
19705,632.1807465
19706,682.9348933
19707,695.6393748
19708,642.1151244
19709,632.0741064
19710,679.7503333
19711,689.4374684
19712,642.5269768
19713,634.6783161
19714,686.3138545
19715,691.3888128
19716,642.3818666
19717,631.4624996
19718,680.1504408
19719,691.831912
19720,644.9475608
19721,637.9947838
19722,682.1403234
19723,691.718029
19724,641.6931835
19725,631.8001527
19726,682.6220062
19727,694.3149308
19728,648.1868613
19729,633.7588375
19730,682.5467522
19731,691.0917415
19732,641.9535785
19733,634.2093421
19734,685.1823284
19735,697.6165877
19736,643.8735662
19737,634.1029296
19738,681.997859
19739,691.4144535
19740,644.2853282
19741,636.7073671
19742,688.5614705
19743,693.36557
19744,644.1401277
19745,633.4917787
19746,682.398147
19747,693.8084411
19748,646.7057318
19749,640.024291
19750,684.3881197
19751,693.6943298
19752,643.4512645
19753,633.8298883
19754,684.8698923
19755,696.2910032
19756,649.9448526
19757,635.7888017
19758,684.794728
19759,693.0675852
19760,643.7114801
19761,636.239535
19762,687.4303938
19763,699.5922026
19764,645.6313783
19765,636.1333514
19766,684.2460137
19767,693.3898394
19768,646.043051
19769,638.7380181
19770,690.8097145
19771,695.3407267
19772,645.8977614
19773,635.5226589
19774,684.6464801
19775,695.7833683
19776,648.4632765
19777,642.0554008
19778,686.6365417
19779,695.6690275
19780,645.2087203
19781,635.8612277
19782,687.1184031
19783,698.2654711
19784,651.7022197
19785,637.820371
19786,687.0433274
19787,695.0418232
19788,645.4687588
19789,638.2713343
19790,689.6790816
19791,701.5662104
19792,647.3885686
19793,638.165381
19794,686.4947898
19795,695.3636169
19796,647.8001531
19797,640.770278
19798,693.0585786
19799,697.3142737
19800,647.6547754
19801,637.5551495
19802,686.8954322
19803,697.7566847
19804,650.2202027
19805,644.0881221
19806,688.8855816
19807,697.6421129
19808,646.9655589
19809,637.89418
19810,689.3675306
19811,700.2383255
19812,653.4589707
19813,639.8535544
19814,689.2925423
19815,697.0144463
19816,647.2254224
19817,640.304749
19818,691.9283839
19819,703.5386022
19820,649.145145
19821,640.1990272
19822,688.7441792
19823,697.335777
19824,649.5566425
19825,642.804156
19826,695.308055
19827,699.2862021
19828,649.4111779
19829,639.5892593
19830,689.1449953
19831,699.7283811
19832,651.9765185
19833,646.122464
19834,691.1352313
19835,699.6135772
19836,648.7217881
19837,639.9287541
19838,691.6172668
19839,702.2095574
19840,655.2151135
19841,641.8883609
19842,691.5423649
19843,698.9854457
19844,648.981479
19845,642.3397882
19846,694.1782925
19847,705.5093688
19848,650.9011156
19849,642.2342992
19850,690.9941738
19851,699.3063108
19852,651.3125271
19853,644.8396609
19854,697.5581354
19855,701.2565028
19856,651.1669769
19857,641.6249974
19858,691.3951614
19859,701.6984485
19860,653.7322318
19861,648.1584355
19862,693.3854829
19863,701.5834112
19864,650.4774161
19865,641.9649592
19866,693.8676037
19867,704.1791578
19868,656.9706563
19869,643.9247997
19870,693.7927869
19871,700.9548123
19872,650.7369367
19873,644.3764609
19874,696.4287995
19875,707.4785014
19876,652.6564884
19877,644.2712059
19878,693.2447656
19879,701.2752092
19880,653.0678152
19881,646.8768019
19882,699.8088119
19883,703.2251668
19884,652.9221804
19885,643.6623729
19886,693.6459223
19887,703.666878
19888,655.487351
19889,650.1960456
19890,695.6363281
19891,703.5516059
19892,652.232451
19893,644.0028041
19894,696.118533
19895,706.1471176
19896,658.7256072
19897,645.9628796
19898,696.0438002
19899,702.922537
19900,652.4918037
19901,646.414776
19902,698.6798967
19903,709.4459909
19904,654.4112717
19905,646.3097564
19906,695.4959464
19907,703.2424632
19908,654.8225149
19909,648.915588
19910,702.0600761
19911,705.1921852
19912,654.6767967
19913,645.7013946
19914,695.8972698
19915,705.6336606
19916,657.2418841
19917,652.2353032
19918,697.8877588
19919,705.5181525
19920,653.9869011
19921,646.0422978
19922,698.3700466
19923,708.113428
19924,660.4799744
19925,648.0026096
19926,698.2953966
19927,704.888611
19928,654.2460882
19929,648.4547425
19930,700.9315757
19931,711.4118283
19932,656.1654737
19933,648.3499596
19934,697.7477078
19935,705.2080639
19936,656.5766346
19937,650.9560279
19938,704.3119198
19939,707.157549
19940,656.4308342
19941,647.7420716
19942,698.1491956
19943,707.5987872
19944,658.9958396
19945,654.2762174
19946,700.1397665
19947,707.4830419
19948,655.7407747
19949,648.0834494
19950,700.6221361
19951,710.0780799
19952,662.2337663
19953,650.0439988
19954,700.5475676
19955,706.8530253
19956,655.9997986
19957,650.4963693
19958,703.1838281
19959,713.3760048
19960,657.9191028
19961,650.3918243
19962,700.0000416
19963,707.1720024
19964,658.3301825
19965,652.9981308
19966,706.5643346
19967,709.1212492
19968,658.1843012
19969,649.7844128
19970,700.4016913
19971,709.5622491
19972,660.7492257
19973,656.318797
19974,702.3923429
19975,709.4462652
19976,657.4940802
19977,650.1262677
19978,702.8747931
19979,712.0410645
19980,663.9869914
19981,652.0870558
19982,702.800305
19983,708.8157709
19984,657.7529434
19985,652.5396654
19986,705.4366457
19987,715.3385113
19988,659.6721674
19989,652.4353596
19990,702.2529391
19991,709.1342696
19992,660.0831672
19993,655.0419055
19994,708.817312
19995,711.083277
19996,659.9372061
19997,651.828427
19998,702.6547485
19999,711.5240373
20000,662.502051
20001,658.363051
20002,704.6454795
20003,711.4078135
20004,659.2468261
20005,652.1707615
20006,705.128009
20007,714.0023728
20008,665.739658
20009,654.1317898
20010,705.0536001
20011,710.7768391
20012,659.505531
20013,654.5846397
20014,707.6900198
20015,717.2993391
20016,661.4246761
20017,654.4805744
20018,704.506392
20019,711.0948568
20020,661.8355972
20021,657.0873608
20022,711.0708436
20023,713.0436235
20024,661.6895575
20025,653.8741232
20026,704.9083585
20027,713.4841428
20028,664.2543241
20029,660.4089882
20030,706.8991678
20031,713.367678
20032,660.999021
20033,654.2169399
20034,707.3817754
20035,715.961996
20036,667.4917749
20037,656.1782096
20038,707.3074444
20039,712.7362208
20040,661.25757
20041,656.631301
20042,709.9439419
20043,719.2584792
20044,663.1766375
20045,656.5274774
20046,706.7603917
20047,713.0537551
20048,663.5874811
20049,659.1345058
20050,713.3249206
20051,715.0022798
20052,663.4413641
20053,655.9215102
20054,707.1625127
20055,715.4425569
20056,666.0060536
20057,662.4566175
20058,709.1533991
20059,715.3258497
20060,662.7506735
20061,656.2648116
20062,709.6360835
20063,717.9199252
20064,669.2433507
20065,658.2263239
20066,709.5618292
20067,714.6939073
20068,663.0090692
20069,658.6796582
20070,712.1984032
20071,721.2159228
20072,664.9280602
20073,658.5760775
20074,709.0149293
20075,715.0109557
20076,665.3388276
20077,661.1833491
20078,715.5795344
20079,716.959237
20080,665.1926346
20081,657.9705969
20082,709.4172024
20083,717.3992708
20084,667.7572482
20085,664.5059476
20086,711.4081646
20087,717.28232
20088,664.5017924
20089,658.3143855
20090,711.8909247
20091,719.8761516
20092,670.994394
20093,660.2761417
20094,711.8167458
20095,716.6498898
20096,664.7600372
20097,660.72972
20098,714.453395
20099,723.1716611
20100,666.6789531
20101,660.6263836
20102,711.2699962
20103,716.9664496
20104,667.0896455
20105,663.2338996
20106,717.8346761
20107,718.9144865
20108,666.9433777
20109,660.021392
20110,711.6724189
20111,719.3542755
20112,669.5079167
20113,666.5569875
20114,713.6634556
20115,719.2370798
20116,666.2523865
20117,660.3656704
20118,714.14629
20119,721.8306665
20120,672.7449139
20121,662.3276717
20122,714.0721853
20123,718.6041594
20124,666.510483
20125,662.7814953
20126,716.7089084
20127,725.1256852
20128,668.429325
20129,662.6784044
20130,713.5255834
20131,718.9202282
20132,668.8399437
20133,665.2861661
20134,720.090337
20135,720.8680193
20136,668.6936023
20137,662.0739043
20138,713.9281532
20139,721.3075624
20140,671.258068
20141,668.6097459
20142,715.9192631
20143,721.1901206
20144,668.0024646
20145,662.418675
20146,716.4021706
20147,723.7834609
20148,674.494919
20149,664.3809227
20150,716.3281387
20151,720.5567073
20152,668.2604154
20153,664.8349929
20154,718.9649346
20155,727.0779865
20156,670.1791848
20157,664.7321488
20158,715.7816821
20159,720.8722827
20160,670.5897311
20161,667.3401574
20162,722.346508
20163,722.8198268
20164,670.4433175
20165,664.1281427
20166,716.1843963
20167,723.2591227
20168,673.0077111
20169,670.6642316
20170,718.1755782
20171,723.1414335
20172,669.7520359
20173,664.4734081
20174,718.6585574
20175,725.7345262
20176,676.2444186
20177,666.4359035
20178,718.5845972
20179,722.5075249
20180,670.0098434
20181,666.8902215
20182,721.2214644
20183,729.0285562
20184,671.9285415
20185,666.7876253
20186,718.0382831
20187,722.8226043
20188,672.3390167
20189,669.3958821
20190,724.60318
20191,724.7699001
20192,672.1925322
20193,666.1841158
20194,718.4411392
20195,725.2089476
20196,674.756855
20197,672.7204532
20198,720.4323918
20199,725.0910098
20200,671.5011092
20201,666.5298784
20202,720.9154415
20203,727.6838537
20204,677.9934216
20205,668.4926227
20206,720.8415515
20207,724.4566034
20208,671.7587763
20209,668.9471897
20210,723.4784888
20211,730.9773856
20212,673.6774043
20213,668.8448428
20214,720.2953775
20215,724.7711843
20216,674.0878097
20217,671.453349
20218,726.8603441
20219,726.7182306
20220,673.9412556
20221,668.2418323
20222,720.6983728
20223,727.1570284
20224,676.505509
20225,674.7784195
20226,722.6896947
20227,727.0388408
20228,673.2496939
20229,668.5880947
20230,723.1728136
20231,729.6314347
20232,679.7419372
20233,670.551089
20234,723.0989926
20235,726.4039342
20236,673.507223
20237,671.0059064
20238,725.7359987
20239,732.924466
20240,675.4257824
20241,670.9038099
20242,722.5529559
20243,726.7180141
20244,675.8361193
20245,673.5125668
20246,729.1179909
20247,728.6648097
20248,675.6894968
20249,670.3013009
20250,722.9560879
20251,729.1033566
20252,678.2536821
20253,676.8381391
20254,724.9474778
20255,728.9849178
20256,674.9977992
20257,670.6480655
20258,725.4306645
20259,731.5772605
20260,681.4899747
20261,672.6113112
20262,725.3569111
20263,728.3495085
20264,675.255193
20265,673.0663801
20266,727.9939847
20267,734.8697887
20268,677.173685
20269,672.9645353
20270,724.8110092
20271,728.663085
20272,677.5839547
20273,675.5735441
20274,731.3761113
20275,730.6096286
20276,677.4372653
20277,672.3625303
20278,725.2142751
20279,731.0479233
20280,680.0013838
20281,678.8996207
20282,727.2057317
20283,730.9292323
20284,676.7454343
20285,672.7097995
20286,727.6889848
20287,733.5213224
20288,683.2375434
20289,674.6732978
20290,727.6152978
20291,730.2933178
20292,677.0026955
20293,675.1286194
20294,730.2524375
20295,736.8133451
20296,678.9211215
20297,675.0270276
20298,727.0695278
20299,730.6063884
20300,679.3313254
20301,677.6362895
20302,733.6346957
20303,732.5526788
20304,679.1845703
20305,674.425529
20306,727.472925
20307,732.9907202
20308,681.7486234
20309,680.9628729
20310,729.4644469
20311,732.8717755
20312,678.4926086
20313,674.7733053
20314,729.9477653
20315,735.463612
20316,684.9846527
20317,676.7370574
20318,729.8741431
20319,732.2353534
20320,678.7497399
20321,677.192633
20322,732.5113476
20323,738.7551267
20324,680.6681013
20325,677.0912954
20326,729.3285025
20327,732.5479157
20328,681.0782407
20329,679.7008116
20330,735.8937347
20331,734.4939517
20332,680.9314214
20333,676.4903056
20334,729.7320282
20335,734.9317384
20336,683.4954104
20337,683.0279042
20338,731.7236141
20339,734.812539
20340,680.2393317
20341,676.8385915
20342,732.2069963
20343,737.4041205
20344,686.7313122
20345,678.8025986
20346,732.1334377
20347,734.1756069
20348,680.4963358
20349,679.2584295
20350,734.7707056
20351,740.6951248
20352,682.4146339
20353,679.1573473
20354,731.5879237
20355,734.4876584
20356,682.8247103
20357,681.767119
20358,738.1532189
20359,736.4334387
20360,682.677828
20361,678.5568687
20362,731.9915752
20363,736.8709696
20364,685.2417543
20365,685.0947232
20366,733.9832237
20367,736.7515142
20368,681.9856131
20369,678.9056666
20370,734.4666683
20371,739.3428395
20372,688.4775313
20373,680.86993
20374,734.3931719
20375,736.1140695
20376,682.2424929
20377,681.3260173
20378,737.0305018
20379,742.6333309
20380,684.160729
20381,681.2251917
20382,733.8477817
20383,736.4256078
20384,684.5707436
20385,683.8352202
20386,740.4131385
20387,738.3711313
20388,684.4237999
20389,680.6252269
20390,734.2515563
20391,738.8084052
20392,686.9876649
20393,687.1633385
20394,736.243266
20395,738.6886926
20396,683.7314626
20397,680.9745391
20398,736.7267716
20399,741.2797605
20400,690.2233198
20401,682.93906
20402,736.6533361
20403,738.0507329
20404,683.9882206
20405,683.395405
20406,739.2907265
20407,744.5697366
20408,685.9063963
20409,683.2948371
20410,736.1080669
20411,738.3617556
20412,686.3163505
20413,685.9051237
20414,742.673484
20415,740.307021
20416,686.1693467
20417,682.6953885
20418,736.5119617
20419,740.7440366
20420,688.7331517
20421,689.2337584
20422,738.5037313
20423,740.6240656
20424,685.4768897
20425,683.0452176
20426,738.9872965
20427,743.2148749
20428,691.9686874
20429,685.0099972
20430,738.9139204
20431,739.9855886
20432,685.7335289
20433,685.466601
20434,741.5513701
20435,746.5043334
20436,687.6516454
20437,685.3662922
20438,738.3687695
20439,740.2960933
20440,688.0615408
20441,687.9768379
20442,744.9342453
20443,742.2410994
20444,687.9144782
20445,684.7673621
20446,738.7727817
20447,742.6778555
20448,690.4782247
20449,691.3059916
20450,740.7646097
20451,742.5576249
20452,687.2219044
20453,685.1177104
20454,741.2482331
20455,745.1481744
20456,693.7136439
20457,687.0827499
20458,741.174915
20459,741.9186281
20460,687.4784275
20461,687.5396137
20462,743.8124225
20463,748.4371127
20464,689.3964863
20465,687.4395652
20466,740.6298796
20467,742.2286123
20468,689.8063242
20469,690.0503713
20470,747.1954128
20471,744.173358
20472,689.6592043
20473,686.841156
20474,741.0340064
20475,744.6098535
20476,692.2228937
20477,693.3800463
20478,743.0258914
20479,744.489362
20480,688.9665165
20481,687.1920261
20482,743.5095716
20483,747.0796505
20484,695.4581994
20485,689.1573266
20486,743.4363101
20487,743.8498431
20488,689.2229265
20489,689.6144517
20490,746.073874
20491,750.3680664
20492,691.140929
20493,689.5146645
20494,742.8913872
20495,744.1593044
20496,691.5507108
20497,692.1257322
20498,749.4569764
20499,746.1037884
20500,691.403535
20501,688.9167787
20502,743.2956258
20503,746.540022
20504,693.9671688
20505,695.4559309
20506,745.2875664
20507,746.4192685
20508,690.710736
20509,689.2681728
20510,745.7713019
20511,749.0092949
20512,697.2023637
20513,691.2337356
20514,745.6980956
20515,745.7792251
20516,690.9670357
20517,691.6911231
20518,748.3357144
20519,752.2971858
20520,692.8849834
20521,691.5915986
20522,745.1532824
20523,746.0881612
20524,693.2947105
20525,694.2029291
20526,751.7189262
20527,748.0323823
20528,693.1474803
20529,690.9942386
20530,745.5576298
20531,748.4683529
20532,695.7110599
20533,697.5336539
20534,747.5496245
20535,748.3473362
20536,692.4545731
20537,691.3461591
20538,748.033414
20539,750.9370992
20540,698.9461469
20541,693.3119853
20542,747.9602614
20543,747.7067658
20544,692.7107654
20545,693.7696365
20546,750.5979337
20547,754.2244628
20548,694.6286597
20549,693.6703758
20550,747.415555
20551,748.0151743
20552,695.0383336
20553,696.2819702
20554,753.9812518
20555,749.9591313
20556,694.8910504
20557,693.0735438
20558,747.8200084
20559,750.3948377
20560,697.4545772
20561,699.6132234
20562,749.8120557
20563,750.2735566
20564,694.1980379
20565,693.4259931
20566,750.2958977
20567,752.8630551
20568,700.6895593
20569,695.392084
20570,750.2227973
20571,749.632457
20572,694.4541257
20573,695.85
20574,752.8605217
20575,756.1498891
20576,696.371968
20577,695.7510043
20578,749.6781948
20579,749.9403355
20580,696.7815902
20581,698.3628639
20582,756.2439433
20583,751.8840273
20584,696.6342555
20585,695.1547028
20586,750.0827512
20587,752.3194683
20588,699.197731
20589,701.6946479
20590,752.0748498
20591,752.1979216
20592,695.9411406
20593,695.5076832
20594,752.5587427
20595,754.7871543
20596,702.4326111
20597,697.47404
20598,752.4856931
20599,751.5562903
20600,696.1971268
20601,697.9322219
20602,755.1234681
20603,758.0734563
20604,698.1149187
20605,697.8334924
20606,751.9411915
20607,751.8636365
20608,698.5244906
20609,700.4456183
20610,758.5069901
20611,753.8070619
20612,698.3771059
20613,697.2377237
20614,752.345848
20615,754.2422363
20616,700.9405315
20617,703.7779355
20618,754.3379963
20619,754.1204228
20620,697.6838915
20621,697.5912377
20622,754.8219387
20623,756.7093886
20624,704.1753127
20625,699.5578614
20626,754.7489384
20627,753.4782575
20628,697.9397791
20629,700.0163105
20630,757.3867625
20631,759.9951563
20632,699.857522
20633,699.9178483
20634,754.2045348
20635,753.785069
20636,700.2670452
20637,702.5302417
20638,760.7703821
20639,755.7282268
20640,700.1196119
20641,699.3226148
20642,754.6092884
20643,756.1631335
20644,702.6829892
20645,705.8630944
20646,756.6014849
20647,756.0410522
20648,699.4263011
20649,699.6766646
20650,757.0854753
20651,758.6297498
20652,705.9176743
20653,701.6435565
20654,757.0125229
20655,755.3983505
20656,699.6820931
20657,702.102274
20658,759.6503945
20659,761.9149809
20660,701.5997885
20661,702.0040802
20662,756.4682141
20663,755.704625
20664,702.0092645
20665,704.6167423
20666,763.0341086
20667,757.6475141
20668,701.8617841
20669,701.4093843
20670,756.8730619
20671,758.0821518
20672,704.4251146
20673,707.9501329
20674,758.8653051
20675,757.9598014
20676,701.1683798
20677,701.7639722
20678,759.349342
20679,760.5482298
20680,707.6597067
20681,703.7311334
20682,759.2764359
20683,757.3165611
20684,701.4240793
20685,704.1901204
20686,761.9143536
20687,763.8329219
20688,703.3417287
20689,704.0921963
20690,758.7322191
20691,757.6222963
20692,703.7511589
20693,706.7051282
20694,765.2981592
20695,759.5649154
20696,703.603633
20697,703.4980402
20698,759.1371579
20699,759.9992831
20700,706.1669182
20701,710.0390589
20702,761.1294463
20703,759.8766624
20704,702.9101383
20705,703.8531686
20706,761.6135283
20707,762.4648205
20708,709.4014203
20709,705.8206003
20710,761.5406668
20711,759.2328811
20712,703.1657482
20713,706.2798579
20714,764.1786291
20715,765.7489712
20716,705.0833532
20717,706.1822046
20718,760.996539
20719,759.5380747
20720,705.4927392
20721,708.7954076
20722,767.5625232
20723,761.4804228
20724,705.3451693
20725,705.5885906
20726,761.4015658
20727,761.9145192
20728,707.9084107
20729,712.1298807
20730,763.3938979
20731,761.7916272
20732,704.6515872
20733,705.9442618
20734,763.8780233
20735,764.3795136
20736,711.1428259
20737,707.9119652
20738,763.8052051
20739,761.1473026
20740,704.9071106
20741,708.3714946
20742,766.4432104
20743,767.6631208
20744,706.8246727
20745,708.2741133
20746,763.2611631
20747,761.4519523
20748,707.234016
20749,710.8875883
20750,769.8271898
20751,763.3940281
20752,707.0864037
20753,707.6810437
20754,763.6662748
20755,763.8278522
20756,709.6496027
20757,714.2226062
20758,765.6586491
20759,763.7046876
20760,706.3927373
20761,708.03726
20762,766.1428164
20763,766.2923014
20764,712.8839341
20765,710.0052361
20766,766.0700399
20767,763.0598175
20768,706.6481773
20769,710.4650385
20770,768.7080867
20771,769.5753626
20772,708.565698
20773,710.3679303
20774,765.5260806
20775,763.3639209
20776,708.9750002
20777,712.9816786
20778,772.0921484
20779,765.3057234
20780,708.8273469
20781,709.7754074
20782,765.9312742
20783,765.7392739
20784,711.3905053
20785,716.3172435
20786,767.923689
20787,765.6158357
20788,708.1335994
20789,710.132171
20790,768.4078967
20791,768.2031756
20792,714.6247559
20793,712.1004211
20794,768.3351604
20795,764.9704177
20796,708.3889591
20797,712.5604975
20798,770.9732471
20799,771.4856887
20800,710.30644
20801,712.4636636
20802,767.7912807
20803,765.2739726
20804,710.7157026
20805,715.0776863
20806,774.357388
20807,767.2155006
20808,710.5680099
20809,711.8716897
20810,768.196553
20811,767.6487765
20812,713.1311292
20813,718.4138005
20814,770.1890069
20815,767.5250634
20816,709.8741843
20817,712.2290029
20818,770.6732533
20819,770.1121284
20820,716.3653022
20821,714.1975281
20822,770.6005556
20823,766.8790953
20824,710.1294669
20825,714.6578797
20826,773.2386806
20827,773.394091
20828,712.0469096
20829,714.5613212
20830,770.0567524
20831,767.1820995
20832,712.4561341
20833,717.1756194
20834,776.6228975
20835,769.1233519
20836,712.3084037
20837,713.9698985
20838,770.4621003
20839,769.556352
20840,714.8714854
20841,720.5122852
20842,772.4545916
20843,769.432363
20844,711.6145032
20845,714.3277637
20846,772.9388753
20847,772.0191519
20848,718.105584
20849,716.296565
20850,772.8662145
20851,768.7858425
20852,711.8697118
20853,716.757193
20854,775.5043763
20855,775.3005618
20856,713.7871179
20857,716.6609109
20858,772.3224846
20859,769.0882937
20860,714.196306
20861,719.2754858
20862,778.8886661
20863,771.0292694
20864,714.0485393
20865,716.0700418
20866,772.7279049
20867,771.4619926
20868,716.6115851
20869,722.6127054
20870,774.720432
20871,771.3377265
20872,713.3545671
20873,716.428461
20874,775.2047514
20875,773.9242381
20876,719.8456124
20877,718.3975396
20878,775.132126
20879,770.6906514
20880,713.6097049
20881,718.8584451
20882,777.770323
20883,777.2050931
20884,715.5270759
20885,718.7624407
20886,774.5884662
20887,770.9925473
20888,715.9362292
20889,721.3772934
20890,781.1546824
20891,772.9332451
20892,715.7884279
20893,718.1721272
20894,774.9939557
20895,773.3656903
20896,718.3514393
20897,724.715069
20898,776.9865171
20899,773.241146
20900,715.0943872
20901,718.5311029
20902,777.4708705
20903,775.8273793
20904,721.5853986
20905,720.5004599
20906,777.398279
20907,772.5935141
20908,715.3494574
20909,720.961644
20910,780.0365095
20911,779.1076771
20912,717.2667949
20913,720.8659183
20914,776.8546861
20915,772.8948525
20916,717.675915
20917,723.4810499
20918,783.4209354
20919,774.8352713
20920,717.5280807
20921,720.2761628
20922,777.2602415
20923,775.2674374
20924,720.0910593
20925,726.8193838
20926,779.2528356
20927,775.1426138
20928,716.8339748
20929,720.635697
20930,779.7372214
20931,777.7285677
20932,723.3249538
20933,722.6053335
20934,779.664662
20935,774.4944228
20936,717.0889806
20937,723.0667973
20938,782.3029245
20939,781.0083061
20940,719.0062863
20941,722.9713514
20942,779.1211328
20943,774.7952016
20944,719.4153747
20945,725.5867631
20946,785.6874136
20947,776.7353403
20948,719.2675091
20949,722.3821561
20950,779.526751
20951,777.1672261
20952,721.8304566
20953,728.9256574
20954,781.5193761
20955,777.0421222
20956,718.5733411
20957,722.7422511
20958,782.0037927
20959,779.6277954
20960,725.0642894
20961,724.7121683
20962,781.9312639
20963,776.3933699
20964,718.8282858
20965,725.1739129
20966,784.5695567
20967,782.9069724
20968,720.7455612
20969,725.078748
20970,781.387795
20971,776.6935868
20972,721.1546197
20973,727.6944407
20974,787.9541057
20975,778.6334443
20976,721.0067244
20977,724.490115
20978,781.7934727
20979,779.0650488
20980,723.5696423
20981,731.0338977
20982,783.7861272
20983,778.9396634
20984,720.3124976
20985,724.850773
20986,784.2705729
20987,781.525055
20988,726.8034169
20989,726.8209719
20990,784.198073
20991,778.2903477
20992,720.5673845
20993,727.2829983
20994,786.8363945
20995,784.8036681
20996,722.4846314
20997,727.1881155
20998,783.6546613
20999,778.5900004
21000,722.8936615
21001,729.8040904
21002,790.2210002
21003,780.5295757
21004,722.7457381
21005,726.6000471
21006,784.0603952
21007,780.9608978
21008,725.3086282
21009,733.1441123
21010,786.0530774
21011,780.8352297
21012,722.0514558
21013,726.9612702
21014,786.5375507
21015,783.4203386
21016,728.5423478
21017,728.9317519
21018,786.465078
21019,780.1853484
21020,722.3062882
21021,729.3940613
21022,789.1034265
21023,786.6983858
21024,724.2235082
21025,729.2994616
21026,785.9217201
21027,780.4844349
21028,724.6325117
21029,731.9157198
21030,792.4880856
21031,782.4237268
21032,724.4845618
21033,728.7119599
21034,786.3275069
21035,782.8547654
21036,727.0474257
21037,735.2563087
21038,788.3202152
21039,782.7288136
21040,723.7902274
21041,729.0737504
21042,788.8047142
21043,785.3136387
21044,730.2810936
21045,731.044516
21046,788.7322672
21047,782.0783645
21048,724.0450086
21049,731.5071095
21050,791.370641
21051,788.5911178
21052,725.9622033
21053,731.412794
21054,788.1889598
21055,782.3768826
21056,726.3711818
21057,734.0293365
21058,794.7553501
21059,784.3158901
21060,726.2232072
21061,730.8258611
21062,788.594796
21063,784.7466441
21064,728.7860466
21065,737.3704946
21066,790.5875287
21067,784.6204076
21068,725.528824
21069,731.1882211
21070,791.0720519
21071,787.2049478
21072,732.0196662
21073,733.1592717
21074,790.9996288
21075,783.9693885
21076,725.7835573
21077,733.6221503
21078,793.6380263
21079,790.4818566
21080,727.7007285
21081,733.5281201
21082,790.4563685
21083,784.2673361
21084,728.1096837
21085,736.144948
21086,797.022782
21087,786.206058
21088,727.961686
21089,732.9417583
21090,790.8622509
21091,786.6365263
21092,730.5245025
21093,739.4866775
21094,792.8550063
21095,786.510004
21096,727.2672573
21097,733.3046899
21098,793.339552
21099,789.0942582
21100,733.7580772
21101,735.2760265
21102,793.2671511
21103,785.8584129
21104,727.5219462
21105,735.7391913
21106,795.9055707
21107,792.3705947
21108,729.4390955
21109,735.6454474
21110,792.7239346
21111,786.1557877
21112,729.848029
21113,738.2625619
21114,799.2903696
21115,788.0942231
21116,729.70001
21117,735.0596588
21118,793.1298598
21119,788.5244047
21120,732.2628054
21121,741.6048648
21122,795.1226362
21123,788.3975955
21124,729.0055393
21125,735.4231641
21126,795.6072027
21127,790.9815627
21128,735.4963385
21129,737.3947879
21130,795.5348223
21131,787.7454301
21132,729.2601871
21133,737.8582399
21134,798.1732621
21135,794.2573246
21136,731.1773162
21137,737.7647834
21138,794.9916461
21139,788.0422302
21140,731.5862298
21141,740.3821855
21142,801.5581009
21143,789.9803779
21144,731.4381911
21145,737.1795701
21146,795.3976106
21147,790.4102717
21148,734.0009671
21149,743.725064
21150,797.3904064
21151,790.2831746
21152,730.7436818
21153,737.5436513
21154,797.8749919
21155,792.8668537
21156,737.234462
21157,739.5155632
21158,797.8026303
21159,789.6304329
21160,730.9982919
21161,739.9793036
21162,800.4410887
21163,796.142039
21164,732.9154026
21165,739.8861355
21166,797.259491
21167,789.926656
21168,733.3242981
21169,742.5038262
21170,803.8259639
21171,791.8645151
21172,733.1762413
21173,739.3014995
21174,797.6654915
21175,792.29412
21176,735.7389996
21177,745.8472823
21178,799.6583048
21179,792.1667339
21180,732.4816969
21181,739.6661587
21182,800.1429077
21183,794.7501239
21184,738.9724599
21185,741.6383599
21186,800.0705632
21187,791.5134138
21188,732.7362728
21189,742.1023896
21190,802.7090385
21191,798.0247305
21192,734.6533668
21193,742.009511
21194,799.5274574
21195,791.8090579
21196,735.0622458
21197,744.6274913
21198,806.0939466
21199,793.7466273
21200,734.9141728
21201,741.4254545
21202,799.9334903
21203,794.1759423
21204,737.4769151
21205,747.9715272
21206,801.9263194
21207,794.0482662
21208,734.2195966
21209,741.7906937
21210,802.4109379
21211,796.631366
21212,740.7103442
21213,743.7631851
21214,802.3386088
21215,793.3943656
21216,734.4741419
21217,744.2275052
21218,804.9770992
21219,799.9053918
21220,736.3912209
21221,744.1349172
21222,801.7955329
21223,793.6894286
21224,736.8000851
21225,746.7531882
21226,808.3620368
21227,795.6267072
21228,736.6519977
21229,743.5514422
21230,802.2015948
21231,796.0557314
21232,739.2147257
21233,750.097806
21234,804.1944381
21235,795.9277642
21236,735.9573932
21237,743.9172636
21238,804.6790704
21239,798.5105728
21240,742.4481271
21241,745.8900463
21242,804.6067549
21243,795.273281
21244,736.2119113
21245,746.3546578
21246,807.2452587
21247,801.7840157
21248,738.1289771
21249,746.2623614
21250,804.0637055
21251,795.5677609
21252,738.5378283
21253,748.8809241
21254,810.6302222
21255,797.5047477
21256,738.3897281
21257,745.6794699
21258,804.4697928
21259,797.9334799
21260,740.9524437
21261,752.2261257
21262,806.4626485
21263,797.8052206
21264,737.695099
21265,746.0458755
21266,806.9472929
21267,800.387737
21268,744.1858208
21269,748.0189505
21270,806.8749893
21271,797.1501528
21272,737.9495933
21273,748.4838544
21274,809.5135046
21275,803.660595
21276,739.8666477
21277,748.3918506
21278,806.3319628
21279,797.4440475
21280,740.2754877
21281,751.0107061
21282,812.8984906
21283,799.3807415
21284,740.1273765
21285,747.8095448
21286,806.738072
21287,799.8091807
21288,742.6900814
21289,754.3564936
21290,808.7309383
21291,799.6806284
21292,739.4327263
21293,748.1765366
21294,809.215593
21295,802.2628515
21296,745.9234379
21297,750.1499049
21298,809.1432995
21299,799.0249739
21300,739.6872004
21301,750.6151023
21302,811.7818246
21303,805.5351226
21304,741.6042451
21305,750.5233921
21306,808.6002924
21307,799.3182814
21308,742.0130756
21309,753.1425414
21310,815.1668295
21311,801.2546815
21312,741.8649553
21313,749.941674
21314,809.00642
21315,801.6828268
21316,744.4276513
21317,756.4889169
21318,810.999295
21319,801.5539803
21320,741.1702874
21321,750.309254
21322,811.4839583
21323,804.1359091
21324,747.6609907
21325,752.2829166
21326,811.411673
21327,800.8977372
21328,741.4247451
21329,752.7484086
21330,814.0502062
21331,807.4075913
21332,743.3417818
21333,752.656993
21334,810.8686817
21335,801.1904554
21336,743.7506047
21337,755.276437
21338,817.4352264
21339,803.1265607
21340,743.602477
21341,752.0758645
21342,811.2748242
21343,803.554411
21344,746.1651658
21345,758.6234024
21346,813.2677062
21347,803.4252694
21348,742.9077951
21349,752.4440348
21350,813.7523762
21351,806.006903
21352,749.3984917
21353,754.4179927
21354,813.6800975
21355,802.7684356
21356,743.1622397
21357,754.8837801
21358,816.3186369
21359,809.2779941
21360,745.0792703
21361,754.7926602
21362,813.1371184
21363,803.0605626
21364,745.4880874
21365,757.4123999
21366,819.7036687
21367,804.9963721
21368,745.3399541
21369,754.2121234
21370,813.543272
21371,805.4239264
21372,747.9026376
21373,760.7599573
21374,815.5361592
21375,805.2944887
21376,744.6452618
21377,754.5808859
21378,816.0208342
21379,807.8758259
21380,751.1359536
21381,756.5551401
21382,815.9485601
21383,804.6370622
21384,744.8996971
21385,757.021224
21386,818.5871039
21387,811.1463242
21388,746.8167234
21389,756.9304007
21390,815.4055896
21391,804.928596
21392,747.2255364
21393,759.5504372
21394,821.9721438
21395,806.8641086
21396,747.0773994
21397,756.3504575
21398,815.8117507
21399,807.2913659
21400,749.6400793
21401,762.8985885
21402,817.8046413
21403,807.1616311
21404,746.3827003
21405,756.7198142
21406,818.2893195
21407,809.7426712
21408,752.8733891
21409,758.6943658
21410,818.2170482
21411,806.50361
21412,746.6371298
21413,759.1607472
21414,820.8555947
21415,813.0125745
21416,748.5541537
21417,759.0702214
21418,817.6740827
21419,806.7945486
21420,748.9629645
21421,761.6905557
21422,824.240639
21423,808.7297634
21424,748.8148255
21425,758.4908739
21426,818.0802477
21427,809.1567228
21428,751.3775038
21429,765.0393029
21430,820.0731399
21431,809.0266899
21432,748.1201233
21433,758.8608268
21434,820.5578193
21435,811.6074317
21436,754.610811
21437,760.8356767
21438,820.4855491
21439,808.3680723
21440,748.3745508
21441,761.3023564
21442,823.1240963
21443,814.8767382
21444,750.291574
21445,761.2121293
21446,819.9425848
21447,808.6584137
21448,750.7003845
21449,763.8327622
21450,826.5091414
21451,810.5933297
21452,750.5522454
21453,760.6333793
21454,820.34875
21455,811.0199902
21456,753.1149238
21457,767.1821073
21458,822.3416419
21459,810.8896582
21460,749.8575438
21461,761.0039303
21462,822.8263208
21463,813.4701009
21464,756.3482321
21465,762.9790794
21466,822.7540498
21467,810.230442
21468,750.1119729
21469,763.4460586
21470,825.3925959
21471,816.7388085
21472,752.0289973
21473,763.356131
21474,822.211083
21475,810.5201843
21476,752.4378092
21477,765.9770636
21478,828.777638
21479,812.4548007
21480,752.2896719
21481,762.7779805
21482,822.6172448
21483,812.8811613
21484,754.8523523
21485,769.3270084
21486,824.6101345
21487,812.7505293
21488,751.5949745
21489,763.1491315
21490,825.094811
21491,815.3306717
21492,758.0856654
21493,765.1245809
21494,825.0225373
21495,812.0907126
21496,751.849409
21497,765.5918605
21498,827.6610805
21499,818.5987787
21500,753.7664365
21501,765.5022333
21502,824.4795644
21503,812.3798539
21504,754.1752518
21505,768.1234666
21506,831.0461159
21507,814.3141695
21508,754.027118
21509,764.9246843
21510,824.885719
21511,814.7402293
21512,756.5898023
21513,771.4740131
21514,826.8786047
21515,814.6092963
21516,753.3324287
21517,765.2964372
21518,827.3632769
21519,817.1891377
21520,759.823124
21521,767.2721878
21522,827.2909987
21523,813.9488773
21524,753.5868722
21525,767.7397687
21526,829.929537
21527,820.456642
21528,755.5039047
21529,767.650443
21530,826.7480159
21531,814.2374157
21532,755.9127252
21533,770.2719778
21534,833.3145621
21535,816.1714297
21536,755.7645969
21537,767.0734972
21538,827.1541595
21539,816.5971877
21540,758.3272869
21541,773.6231279
21542,829.1470394
21543,816.4659528
21544,755.0699193
21545,767.445854
21546,829.6317054
21547,819.0454921
21548,761.5606209
21549,769.4219067
21550,829.5594207
21551,815.8049295
21552,755.3243757
21553,769.8897898
21554,832.1979524
21555,822.3123919
21556,757.241415
21557,769.8007666
21558,829.0164243
21559,816.0928631
21560,757.6502426
21561,772.4226039
21562,835.5829632
21563,818.0265745
21564,757.5021217
21565,769.224426
21566,829.4225532
21567,818.4520297
21568,760.0648194
21569,775.7743595
21570,831.4154253
21571,818.320492
21572,756.8074597
21573,769.5973885
21574,831.9000832
21575,820.8997283
21576,763.2981694
21577,771.5737443
21578,831.8277903
21579,817.6588626
21580,757.0619327
21581,772.0419306
21582,834.4663133
21583,824.1660217
21584,758.9789807
21585,771.9532106
21586,831.2847764
21587,817.9461896
21588,759.3878172
21589,774.5753515
21590,837.8513062
21591,819.8795974
21592,759.2397056
21593,771.3774771
21594,831.6908867
21595,820.304749
21596,761.8024128
21597,777.9277143
21598,833.6837491
21599,820.1729075
21600,758.545063
21601,771.7510472
21602,834.1683972
21603,822.7518398
21604,765.0357828
21605,773.727707
21606,834.096094
21607,819.5106701
21608,758.7995564
21609,774.1961974
21610,836.7346066
21611,826.017525
21612,760.716615
21613,774.1077817
21614,833.5530589
21615,819.7973886
21616,761.1254625
21617,776.7302269
21618,840.1195776
21619,821.730492
21620,760.977362
21621,773.5326571
21622,833.9591468
21623,822.155339
21624,763.5400807
21625,780.0831989
21626,835.9519976
21627,822.0231927
21628,760.2827426
21629,773.9068366
21630,836.4366338
21631,824.6018203
21632,766.7734744
21633,775.8838013
21634,836.3643185
21635,821.3603455
21636,760.5372603
21637,776.3525967
21638,839.0028187
21639,827.8668953
21640,762.4543315
21641,776.2644862
21642,835.8212583
21643,821.6464537
21644,762.8631918
21645,778.8872367
21646,842.3877641
21647,823.5792517
21648,762.7151044
21649,775.6899723
21650,836.2273201
21651,824.0037932
21652,765.2778365
21653,782.2408197
21654,838.2201573
21655,823.8713413
21656,762.020512
21657,776.0647631
21658,838.7047797
21659,826.4496631
21660,768.5112577
21661,778.0420336
21662,838.6324503
21663,823.2078825
21664,762.2750578
21665,778.511135
21666,841.2709362
21667,829.7141263
21668,764.1921435
21669,778.4233305
21670,838.0893612
21671,823.4933785
21672,764.6010185
21673,781.0463872
21674,844.655852
21675,825.4258703
21676,764.4529462
21677,777.8494292
21678,838.4953929
21679,825.8501054
21680,767.0156936
21681,784.4005831
21682,840.4882147
21683,825.717347
21684,763.7583847
21685,778.224833
21686,840.9728214
21687,828.2953621
21688,770.2491463
21689,780.2024102
21690,840.900476
21691,825.0532747
21692,764.0129625
21693,780.6718185
21694,843.5389455
21695,831.5592116
21696,765.9300646
21697,780.584321
21698,840.357354
21699,825.3381568
21700,766.3389564
21701,783.2076848
21702,846.923828
21703,827.2703413
21704,766.190901
21705,780.0110339
21706,840.7633517
21707,827.6942692
21708,768.7536657
21709,786.5624952
21710,842.7561561
21711,827.5612033
21712,765.4963743
21713,780.3870526
21714,843.2407451
21715,830.1389109
21716,771.9871537
21717,782.3649374
21718,843.1683818
21719,826.8965159
21720,765.7509881
21721,782.8346534
21722,845.8068331
21723,833.402145
21724,767.6681085
21725,782.7474638
21726,842.625223
21727,827.1807822
21728,768.0770189
21729,785.3711356
21730,849.1916782
21731,829.1126587
21732,767.9289825
21733,782.1747929
21734,843.0311829
21735,829.5362784
21736,770.4917664
21737,788.7265623
21738,845.0239679
21739,829.4029042
21740,767.2344945
21741,782.5514282
21742,845.5085373
21743,831.9803034
21744,773.7252937
21745,784.5296214
21746,845.436154
21747,828.7375998
21748,767.4891481
21749,784.9996461
21750,848.0745851
21751,835.2429202
21752,769.4062889
21753,784.9127652
21754,844.8929545
21755,829.0212486
21756,769.81522
21757,787.5367459
21758,851.459389
21759,830.9528162
21760,769.6672045
21761,784.3407121
21762,845.2988726
21763,831.3761268
21764,772.2300095
21765,790.8927907
21766,847.2916363
21767,831.2424435
21768,768.9727591
21769,784.7179658
21770,847.7761841
21771,833.8195334
21772,775.4635801
21773,786.6964684
21774,847.7037789
21775,830.5765203
21776,769.2274565
21777,787.1668025
21778,850.3421878
21779,837.0815312
21780,771.1446197
21781,787.0802312
21782,847.1605348
21783,830.8595499
21784,771.5535733
21785,789.7045217
21786,853.7269465
21787,832.7908077
21788,771.4055807
21789,786.5087978
21790,847.566407
21791,833.2138084
21792,773.9684089
21793,793.0611864
21794,849.5591475
21795,833.0798151
21796,770.711182
21797,786.8866715
21798,850.0436716
21799,835.6565947
21800,777.2020267
21801,788.8654844
21802,849.9712425
21803,832.4132714
21804,770.9659272
21805,789.3361288
21806,852.6096273
21807,838.9179719
21808,772.8831146
21809,789.249868
21810,849.4279498
21811,832.6956801
21812,773.2920929
21813,791.8744691
21814,855.9943368
21815,834.6266272
21816,773.1441251
21817,788.6790559
21818,849.8337723
21819,835.0493171
21820,775.7069785
21821,795.2317553
21822,851.8264874
21823,834.9150129
21824,772.449777
21825,789.0575514
21826,852.310986
21827,837.4914815
21828,778.9406475
21829,791.0366754
21830,852.238531
21831,834.2478471
21832,772.704574
21833,791.5076311
21834,854.8768896
21835,840.7522362
21836,774.6217877
21837,791.4216816
21838,851.6951856
21839,834.5296331
21840,775.0307926
21841,794.0465941
21842,858.2615459
21843,836.4602687
21844,774.8828517
21845,790.8514925
21846,852.1009544
21847,836.882647
21848,777.4457323
21849,797.4045036
21850,854.0936422
21851,836.748031
21852,774.1885583
21853,791.2306115
21854,854.5781131
21855,839.3241878
21856,780.6794565
21857,793.2100474
21858,854.5056302
21859,836.0802413
21860,774.443411
21861,793.6813151
21862,857.1439606
21863,842.5843184
21864,776.3606531
21865,793.5956778
21866,853.9622282
21867,836.361403
21868,776.7696866
21869,796.2209025
21870,860.5285597
21871,838.2917263
21872,776.6217747
21873,793.0261133
21874,854.3679391
21875,838.7137921
21876,779.1846844
21877,799.579437
21878,856.3605976
21879,838.5788635
21880,775.9275399
21881,793.4058575
21882,856.8450389
21883,841.1547076
21884,782.4184679
21885,795.3856062
21886,856.7725261
21887,837.9104483
21888,776.1824525
21889,795.8571868
21890,859.4108263
21891,844.4142124
21892,778.0997249
21893,795.7718625
21894,856.2290634
21895,838.190984
21896,778.508789
21897,798.3974003
21898,862.7953641
21899,840.1209941
21900,778.360908
21901,795.2029244
21902,856.6347124
21903,840.5427466
21904,780.923849
21905,801.7565614
21906,858.6273395
21907,840.4075046
21908,777.666736
21909,795.5832954
21910,859.1117491
21911,842.9830352
21912,784.1576958
21913,797.5633577
21914,859.0392044
21915,839.7384622
21916,777.9217125
21917,798.035252
21918,861.6774724
21919,846.2419126
21920,779.8390173
21921,797.9502415
21922,858.4956769
21923,840.0183703
21924,780.2481141
21925,800.5760933
21926,865.0619448
21927,841.9480664
21928,780.1002661
21929,797.3819314
21930,858.90126
21931,842.3695048
21932,782.6632403
21933,803.9358825
21934,860.8938537
21935,842.2339485
21936,779.4061609
21937,797.7629309
21938,861.3782296
21939,844.8091648
21940,785.8971545
21941,799.7433075
21942,861.3056509
21943,841.5642774
21944,779.6612054
21945,800.2155163
21946,863.9438845
21947,848.0674131
21948,781.5785446
21949,800.1308205
21950,860.7620545
21951,841.8435561
21952,781.9876762
21953,802.756987
21954,867.3282875
21955,843.7729374
21956,781.8398632
21957,799.56314
21958,861.1675675
21959,844.1940609
21960,784.4028727
21961,806.1174061
21962,863.1601257
21963,844.0581897
21964,781.1458289
21965,799.9447695
21966,863.6444659
21967,846.6330907
21968,787.6368584
21969,801.9254614
21970,863.5718511
21971,843.3878881
21972,781.4009455
21973,802.3979855
21974,866.2100484
21975,849.8907085
21976,783.3183213
21977,802.3136051
21978,863.0281817
21979,843.666536
21980,783.7274896
21981,804.9400872
21982,869.5943778
21983,845.5956017
21984,783.5797137
21985,801.7465558
21986,863.4336206
21987,846.0164094
21988,786.1427606
21989,808.3011378
21990,865.4261412
21991,845.8802223
21992,782.8857545
21993,802.1288171
21994,865.9104436
21995,848.4548074
21996,789.376822
21997,804.1098249
21998,865.8377907
21999,845.2092887
22000,783.1409474
22001,804.5826652
22002,868.4759495
22003,851.711793
22004,785.0583617
22005,804.498601
22006,865.2940441
22007,845.4873042
22008,785.4675689
22009,807.1253994
22010,871.8602011
22011,847.4160535
22012,785.3198321
22013,803.9321845
22014,865.6994046
22015,847.8365447
22016,787.8829186
22017,810.487083
22018,867.6918857
22019,847.700041
22020,784.6259522
22021,804.315079
22022,868.1761481
22023,850.2743094
22024,791.1170598
22025,806.2964036
22026,868.103455
22027,847.0284738
22028,784.8812255
22029,806.7695608
22030,870.7415734
22031,853.5306611
22032,786.7986804
22033,806.6858136
22034,867.5596272
22035,847.3058552
22036,787.2079286
22037,809.3129292
22038,874.1257431
22039,849.2342874
22040,787.0602331
22041,806.1200315
22042,867.9649052
22043,849.6544613
22044,789.6233611
22045,812.6752473
22046,869.9573445
22047,849.5176402
22048,786.3664365
22049,806.5035607
22050,870.441565
22051,852.0915911
22052,792.8575863
22053,808.4852029
22054,870.3688295
22055,848.8454379
22056,786.6217944
22057,808.9586778
22058,873.0069053
22059,855.3473075
22060,788.5392922
22061,808.8752484
22062,869.8249162
22063,849.1221838
22064,788.9485834
22065,811.5026818
22066,876.3909889
22067,851.050298
22068,788.8009312
22069,808.3101021
22070,870.2301075
22071,851.4701539
22072,791.3641029
22073,814.8656361
22074,872.2225031
22075,851.3330146
22076,788.1072223
22077,808.6942677
22078,872.7066794
22079,853.9066472
22080,794.5984163
22081,810.6762282
22082,872.6338995
22083,850.6601757
22084,788.362669
22085,811.1500215
22086,875.2719306
22087,857.1617267
22088,790.2802116
22089,811.0669106
22090,872.0898965
22091,850.9362844
22092,790.6895479
22093,813.6946627
22094,878.6559239
22095,852.8640799
22096,790.5419413
22097,810.5024018
22098,872.4949969
22099,853.283617
22100,793.1051586
22101,817.0582546
22102,874.4873465
22103,853.1461588
22104,789.8483241
22105,810.8872052
22106,874.9714766
22107,855.7194724
22108,796.3395645
22109,812.8694849
22110,874.8986503
22111,852.4726817
22112,790.1038639
22113,813.3435973
22114,877.5366345
22115,858.9739135
22116,792.0214534
22117,813.2608057
22118,874.3545532
22119,852.7481519
22120,792.4308371
22121,815.8888772
22122,880.9205332
22123,854.6756279
22124,792.283278
22125,812.6969358
22126,874.7595585
22127,855.0948454
22128,794.8465433
22129,819.2531082
22130,876.7518601
22131,854.9570676
22132,791.5897569
22133,813.0823786
22134,877.2359418
22135,857.5300614
22136,798.0810458
22137,815.064978
22138,877.1630668
22139,854.2829509
22140,791.845394
22141,815.5394104
22142,879.8010021
22143,860.7838627
22144,793.7630327
22145,815.4569388
22146,876.6188716
22147,854.557781
22148,794.1724657
22149,818.0853305
22150,883.184802
22151,856.4849368
22152,794.0249563
22153,814.8937093
22154,877.0237774
22155,856.903834
22156,796.5882716
22157,821.450202
22158,879.0160288
22159,856.7657358
22160,793.3315356
22161,815.2797928
22162,879.5000601
22163,859.3384091
22164,799.8228751
22165,817.2627128
22166,879.4271343
22167,856.090978
22168,793.5872742
22169,817.7374658
22170,882.0650185
22171,862.5915691
22172,795.5049642
22173,817.6553151
22174,878.8828366
22175,856.3651666
22176,795.9144488
22177,820.2840276
22178,885.4487153
22179,858.2920015
22180,795.7669913
22181,817.0927273
22182,879.2876386
22183,858.7105777
22184,798.3303587
22185,823.6495412
22186,881.2798377
22187,858.5721583
22188,795.0736752
22189,817.4794531
22190,881.7638164
22191,861.1445104
22192,801.5650675
22193,819.4626944
22194,881.6908377
22195,857.8967579
22196,795.3295197
22197,819.9377688
22198,884.3286686
22199,864.3970276
22200,797.247263
22201,819.8559395
22202,881.1464331
22203,858.1703036
22204,797.6568013
22205,822.4849736
22206,887.712258
22207,860.0968169
22208,797.5093978
22209,819.293995
22210,881.5511272
22211,860.5150714
22212,800.0728196
22213,825.8511306
22214,883.5432718
22215,860.3763301
22216,796.8161907
22217,819.6813645
22218,884.0271957
22219,862.9483603
22220,803.3076379
22221,821.6649277
22222,883.9541618
22223,859.7002858
22224,797.0721454
22225,822.1403242
22226,886.5919374
22227,866.2002334
22228,798.9899443
22229,822.0588171
22230,883.4096462
22231,859.9731871
22232,799.3995385
22233,824.6881735
22234,889.975415
22235,861.899378
22236,799.2521912
22237,821.4975173
22238,883.8142278
22239,862.3173101
22240,801.8156695
22241,828.0549754
22242,885.8063158
22243,862.1782463
22244,798.5590974
22245,821.8855318
22246,886.2901827
22247,864.7499539
22248,805.0506017
22249,823.8694178
22250,886.2170916
22251,861.5015566
22252,798.8151666
22253,824.345137
22254,888.8548096
22255,868.0011813
22256,800.7330232
22257,824.2639528
22258,885.6724605
22259,861.7738121
22260,801.1426755
22261,826.8936322
22262,892.2381711
22263,863.6996801
22264,800.9953865
22265,823.7032991
22266,886.0769254
22267,864.117289
22268,803.5589235
22269,830.2610803
22270,888.0689546
22271,863.977902
22272,800.3024104
22273,824.09196
22274,888.5527623
22275,866.5492862
22276,806.793974
22277,826.0761693
22278,888.4796118
22279,863.3005656
22280,800.5585985
22281,826.5522121
22282,891.11727
22283,869.7998668
22284,802.4765151
22285,826.4713514
22286,887.9348608
22287,863.5721739
22288,802.8862276
22289,829.1013544
22290,894.500511
22291,865.4977182
22292,802.7389992
22293,825.9113451
22294,888.3392046
22295,865.9150033
22296,805.302597
22297,832.4694502
22298,890.3311727
22299,865.7752924
22300,802.0461451
22301,826.3006539
22302,890.8149192
22303,868.3463526
22304,808.5377702
22305,828.2851872
22306,890.741707
22307,865.0973078
22308,802.3024565
22309,828.7615541
22310,893.3793032
22311,871.5962849
22312,804.2204352
22313,828.6810177
22314,890.1968317
22315,865.3682677
22316,804.6302101
22317,831.311345
22318,896.7624193
22319,867.2934876
22320,804.4830445
22321,828.1216601
22322,890.6010501
22323,867.7104482
22324,807.0467054
22325,834.6800898
22326,892.5929549
22327,867.5704128
22328,803.7903169
22329,828.511618
22330,893.0766378
22331,870.1411483
22332,810.2820057
22333,830.4964761
22334,893.0033618
22335,866.8917788
22336,804.046756
22337,830.9731678
22338,895.6408938
22339,873.390431
22340,805.964799
22341,830.8929563
22342,892.4583579
22343,867.1620889
22344,806.3746386
22345,833.5236086
22346,899.0238807
22347,869.0869837
22348,806.2275379
22349,830.3342488
22350,892.8624462
22351,869.5036192
22352,808.7912641
22353,836.8930036
22354,894.8542857
22355,869.3632586
22356,805.5349412
22357,830.7248572
22358,895.3379028
22359,871.9336688
22360,812.0266959
22361,832.7100406
22362,895.2645607
22363,868.6839738
22364,805.7915125
22365,833.1870577
22366,897.9020263
22367,875.1823005
22368,807.7096221
22369,833.1071717
22370,894.7194237
22371,868.9536328
22372,808.1195285
22373,835.7381497
22374,901.2848794
22375,870.878202
22376,807.972495
22377,832.5491156
22378,895.1233777
22379,871.2945117
22380,810.5362887
22381,839.1081963
22382,897.1151495
22383,871.1538252
22384,807.2800336
22385,832.9403758
22386,897.5986986
22387,873.7239094
22388,813.7718565
22389,834.9258852
22390,897.5252881
22391,870.4738884
22392,807.5367415
22393,835.4032284
22394,900.1626852
22395,876.971889
22396,809.4549199
22397,835.3236686
22398,896.9800136
22399,870.7428951
22400,809.8648954
22401,837.9549729
22402,903.5454001
22403,872.6671379
22404,809.7179314
22405,834.7662652
22406,897.3838287
22407,873.0831212
22408,812.2817948
22409,841.3256723
22410,899.3755306
22411,872.9421081
22412,809.0256098
22413,835.1581783
22414,899.8590095
22415,875.5118658
22416,815.5175031
22417,837.1440144
22418,899.7855285
22419,872.2615181
22420,809.2824588
22421,837.6216843
22422,902.4228546
22423,878.7591919
22424,811.2007082
22425,837.5424514
22426,899.2401119
22427,872.5298711
22428,811.6107551
22429,840.1740825
22430,905.8054269
22431,874.453787
22432,811.4638627
22433,836.9857018
22434,899.6437837
22435,874.8694432
22436,814.0277981
22437,843.545436
22438,901.6354134
22439,874.7281031
22440,810.7716854
22441,837.3782692
22442,902.1188198
22443,877.2975335
22444,817.2636513
22445,839.3644325
22446,902.045266
22447,874.0468586
22448,811.02868
22449,839.8424298
22450,904.6825191
22451,880.5442049
22452,812.9470027
22453,839.7635243
22454,901.4997028
22455,874.3145567
22456,813.3571232
22457,842.3954829
22458,908.0649441
22459,876.238145
22460,813.2103047
22461,839.2074298
22462,901.9032268
22463,876.6534736
22464,815.7743144
22465,845.7674917
22466,903.8947821
22467,876.5118057
22468,812.5182763
22469,839.6006527
22470,904.3781138
22471,879.0809084
22472,819.0103171
22473,841.5871438
22474,904.3044849
22475,875.8299055
22476,812.775421
22477,842.0654691
22478,906.9416626
22479,882.3269239
22480,814.6938192
22481,841.9868916
22482,903.7587706
22483,876.0969476
22484,815.1040156
22485,844.6191784
22486,910.3239358
22487,878.0202077
22488,814.9572733
22489,841.4314535
22490,904.1621422
22491,878.4352081
22492,817.5213595
22493,847.9918436
22494,906.1536208
22495,878.2932119
22496,814.2653982
22497,841.825333
22498,906.6368755
22499,880.8619861
22500,820.7575162
22501,843.8121526
22502,906.5631693
22503,877.6106547
22504,814.5226977
22505,844.2908064
22506,909.2002693
22507,884.1073445
22508,816.4411737
22509,844.2125575
22510,906.0172994
22511,877.8770396
22512,816.8514482
22513,846.845173
22514,912.5823862
22515,879.7999709
22516,816.7047844
22517,843.6577769
22518,906.420514
22519,880.2146425
22520,819.2689494
22521,850.2184959
22522,908.4119136
22523,880.0723174
22524,816.0130673
22525,844.0523142
22526,908.895089
22527,882.6407626
22528,822.5052647
22529,846.0394629
22530,908.8213032
22531,879.3891021
22532,816.2705259
22533,846.5184458
22534,911.4583232
22535,885.8854628
22536,818.1890821
22537,846.4405261
22538,908.275273
22539,879.6548286
22540,818.599437
22541,849.0734709
22542,914.8402793
22543,881.5774306
22544,818.452854
22545,845.8864041
22546,908.6783261
22547,881.9917728
22548,821.0171001
22549,852.4474526
22550,910.6696445
22551,881.8491181
22552,817.7612994
22553,846.2816004
22554,911.1527383
22555,884.4172338
22556,824.2535786
22557,848.2690787
22558,911.0788706
22559,881.1652437
22560,818.0189219
22561,848.7483913
22562,913.7158084
22563,887.6612746
22564,819.9375604
22565,848.6708014
22566,910.5326756
22567,881.4303106
22568,820.3479981
22569,851.304076
22570,917.097599
22571,883.3525828
22572,820.2014982
22573,848.1173392
22574,910.9355625
22575,883.766595
22576,822.7658277
22577,854.6787177
22578,912.9267974
22579,883.6236103
22580,819.5101107
22581,848.5131956
22582,913.4098073
22583,886.1913958
22584,826.0024739
22585,850.501004
22586,913.3358553
22587,882.9390755
22588,819.7679016
22589,850.9806468
22590,915.9727086
22591,889.4347762
22592,821.6866249
22593,850.9033872
22594,912.7894909
22595,883.2034818
22596,822.0971476
22597,853.5369923
22598,919.3543291
22599,885.1254235
22600,821.9507331
22601,850.3505859
22602,913.1922071
22603,885.5391052
22604,824.5151483
22605,856.912295
22606,915.183356
22607,885.3957899
22608,821.2595173
22609,850.7471035
22610,915.6662797
22611,887.9632448
22612,827.7519669
22613,852.7352427
22614,915.5922412
22615,884.7105937
22616,821.5174813
22617,853.2152163
22618,918.2290076
22619,891.2059635
22620,823.4362916
22621,853.1382875
22622,915.0457027
22623,884.9743382
22624,823.8469017
22625,855.7722235
22626,921.6104534
22627,886.895949
22628,823.7005749
22629,852.5861482
22630,915.4482435
22631,887.3092996
22632,826.2650781
22633,859.1481883
22634,917.4393043
22635,887.1656532
22636,823.0095355
22637,852.983328
22638,917.9221394
22639,889.7327769
22640,829.5020738
22641,854.9717984
22642,917.8480121
22643,886.4797946
22644,823.2676773
22645,855.4521034
22646,920.4846892
22647,892.974833
22648,825.186577
22649,855.375506
22650,917.3012948
22651,886.7428763
22652,825.5972768
22653,858.0097734
22654,923.8659556
22655,888.6641555
22656,825.45104
22657,854.8240296
22658,917.7036555
22659,889.0771746
22660,828.0156336
22661,861.3864014
22662,919.6946257
22663,888.9331965
22664,824.7601817
22665,855.2218728
22666,920.17737
22667,891.4999885
22668,831.252811
22669,857.2106749
22670,920.1031515
22671,888.2466744
22672,825.0185058
22673,857.6913117
22674,922.7397371
22675,894.7413809
22676,826.9374972
22677,857.6150463
22678,919.5562508
22679,888.5090923
22680,827.3482891
22681,860.2496457
22682,926.1208193
22683,890.4300395
22684,827.2021447
22685,857.064234
22686,919.9584267
22687,890.8427265
22688,829.766831
22689,863.6269378
22690,921.9493041
22691,890.6984163
22692,826.5114721
22693,857.4627414
22694,922.4319551
22695,893.264876
22696,833.0041949
22697,859.4518758
22698,922.357643
22699,890.0112295
22700,826.7699834
22701,859.9328449
22702,924.9941347
22703,896.5056037
22704,828.6890689
22705,859.8569119
22706,921.8105542
22707,890.2729826
22708,829.0999552
22709,862.4918438
22710,928.3750282
22711,892.1935974
22712,828.9539055
22713,859.3067646
22714,922.2125407
22715,892.6059517
22716,831.5186869
22717,865.8698011
22718,924.2033228
22719,892.4613089
22720,828.2634234
22721,859.7059374
22722,924.6858782
22723,895.0274358
22724,834.756242
22725,861.6954046
22726,924.6114702
22727,891.7734566
22728,828.5221266
22729,862.1767065
22730,927.2478657
22731,898.2674979
22732,830.4413085
22733,862.1011064
22734,924.0641885
22735,892.0345439
22736,830.8522915
22737,864.7363713
22738,930.6285656
22739,893.9548256
22740,830.7063389
22741,861.5516251
22742,924.4659808
22743,894.3668469
22744,833.2712177
22745,868.1149947
22746,926.4566653
22747,894.2218709
22748,830.0160521
22749,861.9514642
22750,926.9391228
22751,896.7876647
22752,836.5089687
22753,863.9412646
22754,926.8646165
22755,893.5333522
22756,830.2749518
22757,864.4228998
22758,929.5009133
22759,900.0270602
22760,832.1942325
22761,864.3476331
22762,926.3171372
22763,893.7937727
22764,832.6053147
22765,866.9832314
22766,932.8814149
22767,895.713721
22768,832.4594615
22769,863.7988188
22770,926.7187305
22771,896.1254087
22772,835.0244402
22773,870.3625219
22774,928.709315
22775,895.9800991
22776,831.7693747
22777,864.199325
22778,929.1916722
22779,898.5455592
22780,838.2623919
22781,866.1894592
22782,929.1170652
22783,895.290913
22784,832.0284758
22785,866.6714282
22786,931.753261
22787,901.7842871
22788,833.9478577
22789,866.5964953
22790,928.5693836
22791,895.5506658
22792,834.3590414
22793,869.2324275
22794,935.1335596
22795,897.4702801
22796,834.2132901
22797,866.0483489
22798,928.9707731
22799,897.8816339
22800,836.778371
22801,872.6123861
22802,930.9612552
22803,897.7359902
22804,833.5234081
22805,866.4495233
22806,931.4435097
22807,900.3011161
22808,840.0165281
22809,868.4399916
22810,931.3687996
22811,897.0461357
22812,833.7827152
22813,868.9222948
22814,934.004892
22815,903.5391756
22816,835.7022007
22817,868.8476962
22818,930.8209108
22819,897.30522
22820,836.1134883
22821,871.4839628
22822,937.3849828
22823,899.2244999
22824,835.9678413
22825,868.3002185
22826,931.2220919
22827,899.6355192
22828,838.5330268
22829,874.8645902
22830,933.2124692
22831,899.489541
22832,835.2781688
22833,868.702062
22834,933.6946185
22835,902.0543324
22836,841.7713942
22837,870.6928649
22838,933.619803
22839,898.7990173
22840,835.537687
22841,871.1755028
22842,936.2557896
22843,905.2917225
22844,837.4572784
22845,871.1012389
22846,933.0717022
22847,899.0574321
22848,837.8686724
22849,873.7378403
22850,939.6356677
22851,900.9763772
22852,837.7231321
22853,870.5544309
22854,933.4726699
22855,901.3870616
22856,840.2884246
22857,877.1191375
22858,935.46294
22859,901.2407485
22860,837.0336739
22861,870.9569442
22862,935.9449818
22863,903.8052049
22864,843.527007
22865,872.9480821
22866,935.8700584
22867,900.5495547
22868,837.2934078
22869,873.4310551
22870,938.5059368
22871,907.0419248
22872,839.2131077
22873,873.3571264
22874,935.3217409
22875,900.8072993
22876,839.6246104
22877,875.994063
22878,941.8855974
22879,902.7259091
22880,839.4791792
22881,872.8109889
22882,935.7224904
22883,903.1362582
22884,842.0445811
22885,879.3760308
22886,937.7126509
22887,902.9896097
22888,838.7899403
22889,873.2141729
22890,938.1945827
22891,905.5537307
22892,845.2833835
22893,875.2056463
22894,938.119549
22895,902.2977451
22896,839.0498948
22897,875.6889548
22898,940.7553167
22899,908.7897796
22900,840.9697055
22901,875.6153616
22902,937.5710098
22903,902.5548185
22904,841.3813193
22905,878.2526338
22906,944.1347549
22907,904.4730927
22908,841.2359996
22909,875.0698954
22910,937.9715362
22911,904.8831061
22912,843.8015135
22913,881.6352731
22914,939.9615847
22915,904.7361218
22916,840.5469849
22917,875.4737509
22918,940.4434041
22919,907.299907
22920,847.0405406
22921,877.4655602
22922,940.3682577
22923,904.0435855
22924,840.8071649
22925,877.9492046
22926,943.0039123
22927,910.5352841
22928,842.7270888
22929,877.8759474
22930,939.8194919
22931,904.2999869
22932,843.1388163
22933,880.5135556
22934,946.3831233
22935,906.2179251
22936,842.9936105
22937,877.3311532
22938,940.2197904
22939,906.6276024
22940,845.5592387
22941,883.896867
22942,942.2097244
22943,906.480282
22944,842.3048247
22945,877.7356811
22946,942.691429
22947,909.0437309
22948,848.7984955
22949,879.7278266
22950,942.6161674
22951,905.7870732
22952,842.5652351
22953,880.2118073
22954,945.2517065
22955,912.2784355
22956,844.4852747
22957,880.1388864
22958,942.0671702
22959,906.042802
22960,844.8971183
22961,882.776831
22962,948.6306854
22963,907.9604037
22964,844.752029
22965,879.5947651
22966,942.4672359
22967,908.3697445
22968,847.3177739
22969,886.1608154
22970,944.4570529
22971,908.2220876
22972,844.063477
22973,879.999966
22974,944.9386403
22975,910.7852
22976,850.5572653
22977,881.9924481
22978,944.863261
22979,907.5282056
22980,844.3241227
22981,882.4767655
22982,947.4986821
22983,914.0192312
22984,846.2442805
22985,882.4041813
22986,944.3140275
22987,907.7832609
22988,846.6562426
22989,885.0424627
22990,950.8774239
22991,909.7005259
22992,846.5112721
22993,881.8607335
22994,944.7138554
22995,910.1095299
22996,849.0771363
22997,888.4271207
22998,946.7035531
22999,909.9615361
23000,845.822959
23001,882.2666082
23002,947.1850206
23003,912.5243115
23004,852.3168672
23005,884.2594273
23006,947.1095212
23007,909.2669801
23008,846.0838449
23009,884.7440817
23010,949.7448218
23011,915.7576687
23012,848.0041233
23013,884.6718346
23014,946.5600464
23015,909.5213613
23016,848.4162064
23017,887.3104531
23018,953.1233217
23019,911.4382891
23020,848.2713573
23021,884.1290611
23022,946.9596317
23023,911.8469559
23024,850.8373431
23025,890.6957855
23026,948.9492075
23027,911.6986249
23028,847.5832879
23029,884.5356103
23030,949.4305528
23031,914.261063
23032,854.0773185
23033,886.5287666
23034,949.3549308
23035,911.0033943
23036,847.8444189
23037,887.0137584
23038,951.9901085
23039,917.4937455
23040,849.7648205
23041,886.9418487
23042,948.8052098
23043,911.2571007
23044,850.177027
23045,889.5808046
23046,955.3683614
23047,913.1736911
23048,850.0323018
23049,886.3997502
23050,949.2045474
23051,913.5820203
23052,852.5984118
23053,892.9668121
23054,951.1939988
23055,913.4333517
23056,849.3444811
23057,886.8069745
23058,951.6752194
23059,915.9954522
23060,855.8386365
23061,888.8004685
23062,951.5994724
23063,912.7374459
23064,849.6058623
23065,889.2857979
23066,954.2345246
23067,919.2274594
23068,851.5263894
23069,889.2142259
23070,951.0495002
23071,912.9904768
23072,851.9387219
23073,891.8535197
23074,957.6125257
23075,914.9067294
23076,851.794123
23077,888.672803
23078,951.4485851
23079,915.3147208
23080,854.3603596
23081,895.2402028
23082,953.4379097
23083,915.1657143
23084,851.106556
23085,889.0807031
23086,953.9190031
23087,917.7274769
23088,857.6008388
23089,891.0745351
23090,953.8431285
23091,914.4691325
23092,851.3681923
23093,891.5602025
23094,956.4780528
23095,920.958808
23096,853.2888476
23097,891.4889686
23098,953.2929001
23099,914.7214874
23100,853.7013085
23101,894.1286004
23102,959.8557969
23103,916.6374018
23104,853.5568384
23105,890.9482219
23106,953.6917274
23107,917.0450551
23108,856.1232042
23109,897.5159598
23110,955.6809226
23111,916.8957104
23112,852.8695301
23113,891.3567984
23114,956.1618863
23115,919.4571347
23116,859.3639428
23117,893.3509686
23118,956.0858816
23119,916.1984521
23120,853.1314266
23121,893.8369743
23122,958.7206756
23123,922.6877893
23124,855.0522124
23125,893.7660787
23126,955.535392
23127,916.4501303
23128,855.4648044
23129,896.4060489
23130,962.0981577
23131,918.3657063
23132,855.3204655
23133,893.2260088
23134,955.9339567
23135,918.7730212
23136,857.8869631
23137,899.7940852
23138,957.92302
23139,918.623338
23140,854.633421
23141,893.6352623
23142,958.4038515
23143,921.1844238
23144,861.1279662
23145,895.629771
23146,958.3277142
23147,917.9254026
23148,854.8955826
23149,896.1161153
23150,960.9623752
23151,924.4144012
23152,856.8165016
23153,896.0455584
23154,957.7769583
23155,918.1764035
23156,857.2292271
23157,898.6858672
23158,964.3395904
23159,920.0916409
23160,857.0850221
23161,895.5061659
23162,958.1752553
23163,920.498617
23164,859.6516538
23165,902.074581
23166,960.1641843
23167,920.348595
23168,856.3982463
23169,895.9160968
23170,960.644881
23171,922.9093421
23172,862.8929264
23173,897.9109444
23174,960.5686086
23175,919.649982
23176,856.6606782
23177,898.3976276
23178,963.2031341
23179,926.1386417
23180,858.5817328
23181,898.3274095
23182,960.0175814
23183,919.9003052
23184,858.9945943
23185,900.9680573
23186,966.5800773
23187,921.8152036
23188,858.8505257
23189,897.7886949
23190,960.4156056
23191,922.2218407
23192,861.4172942
23193,904.357449
23194,962.4043977
23195,922.0714797
23196,858.1640238
23197,898.1993039
23198,962.8849571
23199,924.6318877
23200,864.6588413
23201,900.1944905
23202,962.8085471
23203,921.3721886
23204,858.4267309
23205,900.6815128
23206,965.4429346
23207,927.8605092
23208,860.3479238
23209,900.6116339
23210,962.2572435
23211,921.6218335
23212,860.7609237
23213,903.2526208
23214,968.8196006
23215,923.5363927
23216,860.6169941
23217,900.0735976
23218,962.6549899
23219,923.9426906
23220,863.1839018
23221,906.642691
23222,964.6436425
23223,923.7919903
23224,859.9307711
23225,900.4848852
23226,965.1240621
23227,926.352059
23228,866.4257286
23229,902.4804111
23230,965.0475118
23231,923.0920205
23232,860.1937586
23233,902.9677728
23234,967.6817588
23235,929.5800017
23236,862.1150922
23237,902.8982332
23238,964.4959268
23239,923.3409866
23240,862.5282333
23241,905.5395596
23242,971.0581426
23243,925.2552064
23244,862.3844451
23245,902.3608759
23246,964.8933902
23247,925.6611648
23248,864.9514947
23249,908.9303087
23250,966.8819008
23251,925.5101251
23252,861.6985061
23253,902.7728424
23254,967.362178
23255,928.0698542
23256,868.1936063
23257,904.7687079
23258,967.285485
23259,924.8094762
23260,861.9617792
23261,905.2564091
23262,969.9195888
23263,931.2971178
23264,863.8832561
23265,905.1872092
23266,966.7336134
23267,925.0577631
23268,864.2965408
23269,907.8288752
23270,973.2956853
23271,926.9716432
23272,864.1528966
23273,904.6505311
23274,967.1307888
23275,927.377262
23276,866.7200906
23277,911.2203037
23278,969.1191547
23279,927.2258825
23280,863.4672468
23281,905.063177
23282,969.599287
23283,929.7852719
23284,869.9624921
23285,907.0593823
23286,969.5224487
23287,926.5245542
23288,863.7308105
23289,907.5474233
23290,972.1564069
23291,933.011856
23292,865.6524332
23293,907.4785632
23294,968.9702854
23295,926.7721614
23296,866.0658642
23297,910.120569
23298,975.5322109
23299,928.6857017
23300,865.9223666
23301,906.9425648
23302,969.3671675
23303,929.0909805
23304,868.4897076
23305,913.5126773
23306,971.3553864
23307,928.9392612
23308,865.2370112
23309,907.3558906
23310,971.8353711
23311,931.4983106
23312,871.7324041
23313,909.3524358
23314,971.7583849
23315,928.2372529
23316,865.5008706
23317,909.8408168
23318,974.3921948
23319,934.7242147
23320,867.4226418
23321,909.7722967
23322,971.2059247
23323,928.4841801
23324,867.8362216
23325,912.4146426
23326,977.7677012
23327,930.3973803
23328,867.6928732
23329,909.2369784
23330,971.6025085
23331,930.8023191
23332,870.2603637
23333,915.807431
23334,973.5905776
23335,930.6502597
23336,867.0078172
23337,909.6509844
23338,974.0704123
23339,933.208969
23340,873.5033604
23341,911.6478698
23342,973.9932756
23343,929.9475711
23344,867.2719775
23345,912.1365909
23346,976.6269347
23347,936.4341927
23348,869.1938997
23349,912.068411
23350,973.4405133
23351,930.193818
23352,869.6076309
23353,914.7110971
23354,980.0021383
23355,932.1066779
23356,869.4644343
23357,911.5337732
23358,973.8367936
23359,932.5112765
23360,872.0320769
23361,918.104566
23362,975.8247104
23363,932.3588768
23364,868.7796829
23365,911.9484597
23366,976.3043924
23367,934.9172458
23368,875.275379
23369,913.9456854
23370,976.2271026
23371,931.6555076
23372,869.0441494
23373,914.4347468
23374,978.8606082
23375,938.1417889
23376,870.9662252
23377,914.3669073
23378,975.6740331
23379,931.9010738
23380,871.3801104
23381,917.0099337
23382,982.2355039
23383,933.8135934
23384,871.2370682
23385,913.8329502
23386,976.0700047
23387,934.2178515
23388,873.8048655
23389,920.4040834
23390,978.0577665
23391,934.0651114
23392,870.5526266
23393,914.2483176
23394,978.5372932
23395,936.62314
23396,877.0484782
23397,916.2458837
23398,978.4598478
23399,
